Entry Date,Exit Date,Direction,Size,Entry Price,Exit Price,PnL ($),Return (%),Exit Reason
2020-03-11,2020-03-19,long,1.0,274.36,240.51,-12337.804344656664,-12.337804344656664,open
2020-03-19,2020-03-20,short,1.0,240.51,228.8,4868.820423267216,4.868820423267215,open
2020-03-20,2020-03-23,long,1.0,228.8,222.95,-2556.8181818181915,-2.556818181818192,open
2020-03-23,2020-04-08,short,1.0,222.95,274.03,-22910.966584435966,-22.910966584435965,open
2020-04-08,2020-04-13,long,1.0,274.03,275.66,594.8253840820539,0.5948253840820539,open
2020-04-13,2020-04-17,short,1.0,275.66,286.64,-3983.167670318494,-3.983167670318494,open
2020-04-17,2020-04-30,long,1.0,286.64,290.48,1339.659503209612,1.339659503209612,open
2020-04-30,2020-05-01,long,0.4510756,290.48,282.79,-1194.1515960651332,-1.194151596065133,open
2020-05-01,2020-05-20,long,1.0,282.79,296.93,5000.176809646729,5.00017680964673,open
2020-05-20,2020-05-21,short,1.0,296.93,294.88,690.3984103997614,0.6903984103997614,open
2020-05-21,2020-05-22,long,1.0,294.88,295.44,189.90775908844353,0.1899077590884435,open
2020-05-22,2020-05-26,short,1.0,295.44,299.08,-1232.0606552937945,-1.2320606552937945,open
2020-05-26,2020-05-27,short,0.3245454,299.08,303.53,-482.8898873864213,-0.48288988738642136,open
2020-05-27,2020-06-02,short,1.0,303.53,308.08,-1499.0281026587197,-1.4990281026587198,open
2020-06-02,2020-06-03,long,1.0,308.08,312.18,1330.8231628148608,1.3308231628148608,open
2020-06-03,2020-06-04,long,0.8171837,312.18,311.36,-214.648795866966,-0.214648795866966,open
2020-06-04,2020-06-05,short,1.0,311.36,319.34,-2562.949640287757,-2.562949640287757,open
2020-06-05,2020-06-08,long,0.24446101,319.34,323.2,295.4905493557035,0.2954905493557035,open
2020-06-08,2020-06-10,short,1.0,323.2,319.0,1299.504950495046,1.299504950495046,open
2020-06-10,2020-06-11,long,1.0,319.0,300.61,-5764.890282131657,-5.764890282131657,open
2020-06-11,2020-06-12,long,0.70428073,300.61,304.21,843.4218859152975,0.8434218859152974,open
2020-06-12,2020-06-17,long,1.0,304.21,311.66,2448.9661746819784,2.448966174681978,open
2020-06-17,2020-06-22,short,1.0,311.66,310.62,333.6969774754605,0.33369697747546057,open
2020-06-22,2020-06-23,long,0.2708553,310.62,312.05,124.69354738104497,0.12469354738104496,open
2020-06-23,2020-06-29,short,1.0,312.05,304.46,2432.3025156225067,2.4323025156225064,open
2020-06-29,2020-06-30,long,1.0,304.46,308.36,1280.956447480797,1.280956447480797,open
2020-06-30,2020-07-01,short,0.5402675,308.36,310.52,-378.4465833360302,-0.3784465833360302,open
2020-07-01,2020-07-02,short,1.0,310.52,312.23,-550.6891665593315,-0.5506891665593314,open
2020-07-02,2020-07-06,long,1.0,312.23,317.05,1543.733785991094,1.543733785991094,open
2020-07-06,2020-07-13,short,1.0,317.05,314.84,697.050938337813,0.6970509383378131,open
2020-07-13,2020-08-03,long,1.0,314.84,328.79,4430.8220048278645,4.430822004827864,open
2020-08-03,2020-08-04,long,0.539317,328.79,330.06,208.31917932038388,0.20831917932038388,open
2020-08-04,2020-08-05,long,0.28026995,330.06,332.11,174.07543473393193,0.17407543473393194,open
2020-08-05,2020-08-06,short,0.59421086,332.11,334.33,-397.20216428667686,-0.3972021642866769,open
2020-08-06,2020-08-07,short,1.0,334.33,334.57,-71.78536176831547,-0.07178536176831547,open
2020-08-07,2020-08-10,short,0.7982756,334.57,335.57,-238.59749080909825,-0.23859749080909826,open
2020-08-10,2020-08-27,long,1.0,335.57,348.33,3802.48532347945,3.8024853234794502,open
2020-08-27,2020-08-28,long,0.6178555,348.33,350.58,399.0970897074972,0.39909708970749724,open
2020-08-28,2020-10-02,long,1.0,350.58,333.84,-4774.944377888074,-4.774944377888074,open
2020-10-02,2020-10-05,short,1.0,333.84,339.76,-1773.3045770428998,-1.7733045770428997,open
2020-10-05,2020-11-06,long,1.0,339.76,350.16,3060.9842241582396,3.0609842241582395,open
2020-11-06,2020-11-12,short,1.0,350.16,353.21,-871.0303861091942,-0.8710303861091941,open
2020-11-12,2020-11-13,long,0.7940762,353.21,358.1,1099.3551939267813,1.0993551939267814,open
2020-11-13,2021-02-05,long,1.0,358.1,387.71,8268.640044680245,8.268640044680245,open
2021-02-05,2021-02-08,short,1.0,387.71,390.51,-722.1892651724256,-0.7221892651724255,open
2021-02-09,2021-02-10,short,1.0,390.25,390.08,43.56181934657679,0.04356181934657679,open
2021-02-10,2021-02-11,long,0.8204068,390.08,390.71,132.50007230087323,0.13250007230087324,open
2021-02-11,2021-02-12,short,1.0,390.71,392.64,-493.9725115814817,-0.4939725115814817,open
2021-02-12,2021-03-11,long,1.0,392.64,393.53,226.6707416462883,0.2266707416462883,open
2021-03-11,2021-03-12,short,1.0,393.53,394.06,-134.67842350012188,-0.13467842350012188,open
2021-03-12,2021-03-15,long,0.70510405,394.06,396.41,420.4929571321667,0.42049295713216667,open
2021-03-15,2021-03-16,short,1.0,396.41,395.91,126.13203501425292,0.1261320350142529,open
2021-03-16,2021-03-17,long,0.19109313,395.91,397.26,65.16019265742048,0.06516019265742047,open
2021-03-17,2021-03-18,short,1.0,397.26,391.48,1454.966520666559,1.454966520666559,open
2021-03-18,2021-07-26,long,1.0,391.48,441.02,12654.541739041575,12.654541739041575,open
2021-07-26,2021-07-27,short,1.0,441.02,439.01,455.7616434628794,0.45576164346287945,open
2021-07-27,2021-07-28,long,1.0,439.01,438.83,-41.00134393294157,-0.041001343932941574,open
2021-07-28,2021-07-29,short,0.19722255,438.83,440.65,-81.79591666334314,-0.08179591666334314,open
2021-07-29,2021-12-27,long,1.0,440.65,477.26,8308.181096108026,8.308181096108026,open
2021-12-27,2021-12-28,long,0.7681392,477.26,476.87,-62.76962144585541,-0.0627696214458554,open
2021-12-28,2021-12-31,short,1.0,476.87,474.96,400.52844590769496,0.400528445907695,open
2021-12-31,2022-01-03,long,0.23988043,474.96,477.71,138.8898394897728,0.13888983948977282,open
2022-01-03,2022-01-04,long,0.344914,477.71,477.55,-11.552246655918658,-0.011552246655918658,open
2022-01-04,2022-01-05,short,0.7330218,477.55,468.38,1407.5614861990916,1.4075614861990917,open
2022-01-05,2022-01-28,long,1.0,468.38,441.95,-5642.854092830609,-5.642854092830609,open
2022-01-28,2022-02-09,short,1.0,441.95,457.54,-3527.5483651996906,-3.5275483651996904,open
2022-02-09,2022-02-28,long,1.0,457.54,436.63,-4570.092232373131,-4.570092232373131,open
2022-02-28,2022-03-04,short,1.0,436.63,432.17,1021.4598172365571,1.0214598172365572,open
2022-03-04,2022-03-15,long,1.0,432.17,426.17,-1388.342550385265,-1.388342550385265,open
2022-03-15,2022-03-23,short,1.0,426.17,443.8,-4136.846798226059,-4.136846798226059,open
2022-03-23,2022-03-30,long,1.0,443.8,458.7,3357.368183866601,3.357368183866601,open
2022-03-30,2022-03-31,short,1.0,458.7,451.64,1539.1323304992375,1.5391323304992375,open
2022-03-31,2022-04-20,long,1.0,451.64,444.71,-1534.40793552387,-1.53440793552387,open
2022-04-20,2022-04-21,short,1.0,444.71,438.06,1495.3565244766203,1.4953565244766203,open
2022-04-21,2022-04-22,long,0.41889828,438.06,426.04,-1149.4218464650944,-1.1494218464650943,open
2022-04-22,2022-05-06,long,1.0,426.04,411.34,-3450.380245986303,-3.450380245986303,open
2022-05-06,2022-05-09,short,1.0,411.34,398.17,3201.730928185919,3.2017309281859188,open
2022-05-09,2022-05-10,long,1.0,398.17,399.09,231.0570861692139,0.23105708616921392,open
2022-05-10,2022-05-11,short,0.56782985,399.09,392.75,902.0624945187766,0.9020624945187766,open
2022-05-11,2022-05-13,long,1.0,392.75,401.72,2283.8956078930687,2.2838956078930686,open
2022-05-13,2022-05-18,short,1.0,401.72,391.86,2454.4458827043745,2.4544458827043742,open
2022-05-18,2022-05-19,long,1.0,391.86,389.46,-612.4636349716823,-0.6124636349716822,open
2022-05-19,2022-05-20,short,1.0,389.46,389.63,-43.65018230370665,-0.04365018230370665,open
2022-05-20,2022-05-23,long,1.0,389.63,396.92,1871.0058260400945,1.8710058260400946,open
2022-05-23,2022-05-24,short,1.0,396.92,393.89,763.3780106822608,0.7633780106822607,open
2022-05-24,2022-05-25,long,0.4143546,393.89,397.37,366.0803880842387,0.36608038808423865,open
2022-05-25,2022-06-06,short,1.0,397.37,411.79,-3628.8597528751584,-3.6288597528751585,open
2022-06-06,2022-06-10,long,1.0,411.79,389.8,-5340.10053668132,-5.34010053668132,open
2022-06-10,2022-06-13,short,1.0,389.8,375.0,3796.8188814776836,3.7968188814776838,open
2022-06-13,2022-06-21,long,1.0,375.0,375.07,18.66666666666485,0.01866666666666485,open
2022-06-21,2022-06-30,short,1.0,375.07,377.25,-581.2248380302361,-0.5812248380302362,open
2022-06-30,2022-07-01,short,0.5881095,377.25,381.24,-622.0164012798225,-0.6220164012798225,open
2022-07-01,2022-07-05,long,0.292949,381.24,381.96,55.3255872285152,0.0553255872285152,open
2022-07-05,2022-07-13,short,1.0,381.96,378.83,819.4575348203989,0.819457534820399,open
2022-07-13,2022-07-14,long,1.0,378.83,377.91,-242.85299474697334,-0.24285299474697333,open
2022-07-14,2022-07-15,short,1.0,377.91,385.13,-1910.507792860726,-1.9105077928607261,open
2022-07-15,2022-07-18,short,0.43417433,385.13,381.95,358.49567374165946,0.35849567374165947,open
2022-07-18,2022-08-09,short,1.0,381.95,411.35,-7697.342584107876,-7.697342584107876,open
2022-08-09,2022-08-10,short,0.6293159,411.35,419.99,-1321.815816822655,-1.321815816822655,open
2022-08-10,2022-08-11,long,1.0,419.99,419.99,0.0,0.0,open
2022-08-11,2022-08-18,short,1.0,419.99,427.89,-1880.9971665991993,-1.8809971665991991,open
2022-08-18,2022-08-19,long,0.43090662,427.89,422.14,-579.0537716688285,-0.5790537716688285,open
2022-08-19,2022-08-22,long,0.21585816,422.14,413.35,-449.4701431064024,-0.44947014310640243,open
2022-08-22,2022-08-23,short,0.78076124,413.35,412.35,188.8862344260312,0.1888862344260312,open
2022-08-23,2022-09-02,long,1.0,412.35,392.24,-4876.924942403301,-4.876924942403302,open
2022-09-02,2022-09-06,short,0.6273384,392.24,390.76,236.70732961643674,0.23670732961643673,open
2022-09-06,2022-09-07,long,1.0,390.76,397.78,1796.4991299007017,1.7964991299007016,open
2022-09-07,2022-09-14,short,1.0,397.78,394.6,799.436874654319,0.799436874654319,open
2022-09-14,2022-09-28,long,1.0,394.6,370.53,-6099.8479472884055,-6.0998479472884055,open
2022-09-28,2022-09-30,short,1.0,370.53,357.18,3602.9471297870527,3.6029471297870526,open
2022-09-30,2022-10-03,long,1.0,357.18,366.61,2640.1254269555984,2.6401254269555983,open
2022-10-03,2022-10-10,short,1.0,366.61,360.02,1797.5505305365461,1.7975505305365462,open
2022-10-10,2022-10-13,long,1.0,360.02,365.97,1652.685961891019,1.6526859618910188,open
2022-10-13,2022-10-14,short,1.0,365.97,357.63,2278.875317648996,2.278875317648996,open
2022-10-14,2022-10-17,short,0.80154777,357.63,366.82,-2059.733154071596,-2.059733154071596,open
2022-10-17,2022-11-03,short,1.0,366.82,371.01,-1142.2496047107568,-1.1422496047107569,open
2022-11-03,2022-11-11,long,1.0,371.01,398.51,7412.199132098865,7.412199132098865,open
2022-11-11,2022-11-22,short,1.0,398.51,399.9,-348.79927730796874,-0.3487992773079687,open
2022-11-22,2022-11-23,long,1.0,399.9,402.42,630.1575393848559,0.6301575393848559,open
2022-11-23,2022-11-28,short,1.0,402.42,395.91,1617.7128373341263,1.6177128373341263,open
2022-11-28,2022-12-09,long,1.0,395.91,393.28,-664.2923896845374,-0.6642923896845374,open
2022-12-09,2022-12-12,short,1.0,393.28,398.95,-1441.7209113100123,-1.4417209113100122,open
2022-12-12,2022-12-13,long,1.0,398.95,401.97,756.9870911141844,0.7569870911141845,open
2022-12-13,2022-12-15,short,1.0,401.97,389.63,3069.8808368783816,3.0698808368783816,open
2022-12-15,2022-12-19,long,1.0,389.63,380.02,-2466.442522393043,-2.466442522393043,open
2022-12-19,2022-12-22,short,1.0,380.02,380.72,-184.20083153519434,-0.18420083153519434,open
2022-12-22,2022-12-29,long,1.0,380.72,383.44,714.4358058415555,0.7144358058415555,open
2022-12-29,2023-01-04,short,1.0,383.44,383.76,-83.45503859795357,-0.08345503859795357,open
2023-01-04,2023-01-05,long,0.8033185,383.76,379.38,-916.8582182711841,-0.9168582182711842,open
2023-01-05,2023-01-06,short,1.0,379.38,388.08,-2293.215245927563,-2.2932152459275628,open
2023-01-06,2023-01-25,long,1.0,388.08,400.35,3161.7192331478145,3.1617192331478146,open
2023-01-25,2023-01-31,short,1.0,400.35,406.48,-1531.1602347945536,-1.5311602347945537,open
2023-01-31,2023-02-01,long,0.1452338,406.48,410.8,154.35200032904424,0.15435200032904425,open
2023-02-01,2023-02-07,short,1.0,410.8,415.19,-1068.6465433300843,-1.0686465433300845,open
2023-02-07,2023-02-08,long,1.0,415.19,410.65,-1093.4752763794938,-1.0934752763794937,open
2023-02-08,2023-02-09,long,0.89921933,410.65,407.09,-779.5496644039941,-0.7795496644039941,open
2023-02-09,2023-03-06,long,1.0,407.09,404.47,-643.5923260212601,-0.6435923260212602,open
2023-03-06,2023-03-10,short,1.0,404.47,385.91,4588.72104235172,4.58872104235172,open
2023-03-10,2023-03-22,long,1.0,385.91,392.11,1606.5922106190533,1.606592210619053,open
2023-03-22,2023-03-27,short,1.0,392.11,396.49,-1117.0334855015162,-1.1170334855015163,open
2023-03-28,2023-03-29,long,1.0,395.6,401.35,1453.4883720930231,1.4534883720930232,open
2023-03-29,2023-03-30,short,1.0,401.35,403.7,-585.5238569826748,-0.5855238569826748,open
2023-03-30,2023-05-03,long,1.0,403.7,408.02,1070.1015605647742,1.0701015605647741,open
2023-05-03,2023-05-04,long,0.60723376,408.02,405.13,-430.10282277829316,-0.43010282277829315,open
2023-05-04,2023-05-08,long,1.0,405.13,412.74,1878.4093994520313,1.8784093994520312,open
2023-05-08,2023-05-09,long,0.27238008,412.74,410.93,-119.4475799307677,-0.11944757993076771,open
2023-05-09,2023-05-12,short,1.0,410.93,411.59,-160.61129632783397,-0.16061129632783397,open
2023-05-12,2023-05-18,long,1.0,411.59,419.23,1856.2161374183154,1.8562161374183155,open
2023-05-18,2023-05-19,short,1.0,419.23,418.62,145.5048541373503,0.1455048541373503,open
2023-05-19,2023-06-02,long,1.0,418.62,427.92,2221.585208542356,2.221585208542356,open
2023-06-05,2023-06-09,short,1.0,427.1,429.9,-655.5841723249717,-0.6555841723249718,open
2023-06-09,2023-06-14,long,1.0,429.9,437.18,1693.4170737380857,1.6934170737380856,open
2023-06-15,2023-06-16,long,1.0,442.6,439.46,-709.4441934026306,-0.7094441934026305,open
2023-06-16,2023-06-20,short,0.8516339,439.46,437.18,441.84346840440014,0.4418434684044002,open
2023-06-20,2023-06-30,long,1.0,437.18,443.28,1395.3062811656448,1.3953062811656447,open
2023-06-30,2023-07-03,long,0.27652743,443.28,443.79,31.81487888404636,0.03181487888404636,open
2023-07-03,2023-07-05,short,1.0,443.79,443.13,148.7189887108824,0.1487189887108824,open
2023-07-05,2023-07-06,long,1.0,443.13,439.66,-783.0659174508543,-0.7830659174508543,open
2023-07-06,2023-07-07,short,1.0,439.66,438.55,252.46781603967008,0.2524678160396701,open
2023-07-07,2023-07-18,long,1.0,438.55,454.19,3566.2980275909217,3.5662980275909217,open
2023-07-18,2023-07-19,long,0.7333716,454.19,455.2,163.08270922548786,0.16308270922548787,open
2023-07-19,2023-07-20,long,0.544344,455.2,452.18,-361.14212451257475,-0.36114212451257477,open
2023-07-20,2023-10-06,long,1.0,452.18,429.54,-5006.855676942807,-5.006855676942807,open
2023-10-06,2023-10-09,short,1.0,429.54,432.29,-640.2197699864971,-0.6402197699864971,open
2023-10-09,2023-11-01,long,1.0,432.29,422.66,-2227.671239214415,-2.227671239214415,open
2023-11-01,2023-11-13,short,1.0,422.66,440.19,-4147.541759333737,-4.147541759333738,open
2023-11-13,2023-11-16,long,1.0,440.19,450.23,2280.8332765396804,2.2808332765396804,open
2023-11-16,2023-11-17,long,0.6364353,450.23,450.79,79.16037428092339,0.07916037428092339,open
2023-11-17,2023-11-22,long,1.0,450.79,455.02,938.3526697575282,0.9383526697575282,open
2023-11-22,2023-11-24,long,0.6676582,455.02,455.3,41.084852726258134,0.041084852726258135,open
2023-11-24,2023-12-13,long,1.0,455.3,470.5,3338.4581594553015,3.3384581594553016,open
2023-12-13,2023-12-14,short,0.15289702,470.5,472.01,-49.07002926574094,-0.049070029265740944,open
2023-12-14,2023-12-19,long,1.0,472.01,474.84,599.5635685684591,0.5995635685684592,open
2023-12-19,2023-12-20,short,0.21975882,474.84,468.26,304.52638553249443,0.30452638553249445,open
2023-12-20,2023-12-28,long,1.0,468.26,476.69,1800.2818946739008,1.8002818946739008,open
2023-12-28,2023-12-29,short,0.55216277,476.69,475.31,159.84909004672795,0.15984909004672795,end
