entry_date,entry_price,exit_date,exit_price,direction,shares,sl,tp,atr,days_held,pnl,reason,capital_before,capital_after
2016-06-13,23.685866158260545,2016-06-14,22.910293234972276,LONG,1289.3694067608817,22.910293234972276,25.237012004837087,0.38778646164413516,1,-999.9999999999986,SL,100000.0,99000.0
2016-08-02,22.660387387860435,2016-08-05,24.453112393076523,LONG,1104.463871613895,21.764024885252393,24.453112393076523,0.44818125130402187,3,1980.0000000000005,TP,99000.0,100980.0
2016-08-05,22.597472847191227,2016-08-08,24.189088366201638,LONG,1268.8994143860132,21.801665087686022,24.189088366201638,0.3979038797526026,1,2019.6000000000006,TP,100980.0,102999.6
2016-08-08,22.57650133363483,2016-08-09,24.103881516690404,LONG,1348.709393282111,21.812811242107045,24.103881516690404,0.381845045763893,1,2059.992000000002,TP,102999.6,105059.592
2016-08-09,22.555529820078423,2016-08-10,23.99299617460042,LONG,1461.732883966326,21.836796642817426,23.99299617460042,0.35936658863049925,1,2101.1918400000013,TP,105059.592,107160.78384
2016-08-10,22.534558306522037,2016-08-11,23.919781726362224,LONG,1547.1985573614281,21.841946596601943,23.919781726362224,0.34630585496004657,1,2143.215676800002,TP,107160.78384,109303.9995168
2016-08-11,22.513586792965615,2016-08-12,23.84619542816994,LONG,1640.4516169151314,21.847282475363453,23.84619542816994,0.33315215880108107,1,2186.079990335999,TP,109303.9995168,111490.079507136
2016-08-12,22.492615279409215,2016-08-15,23.728259670646906,LONG,1804.5657844238071,21.87479308379037,23.728259670646906,0.30891109780942255,1,2229.801590142723,TP,111490.079507136,113719.88109727873
2016-08-15,22.47164376585281,2016-08-16,23.72109001238459,LONG,1820.324506363409,21.84692064258692,23.72109001238459,0.31236156163294476,1,2274.3976219455744,TP,113719.88109727873,115994.27871922431
2016-08-16,22.4506722522964,2016-08-17,23.658269780890127,LONG,1921.0751259867516,21.846873487999535,23.658269780890127,0.3018993821484321,1,2319.885574384484,TP,115994.27871922431,118314.1642936088
2016-08-17,19.88940329157861,2016-08-18,21.0631771925131,LONG,2015.9617486709187,19.302516341111367,21.0631771925131,0.293443475233622,1,2366.283285872177,TP,118314.1642936088,120680.44757948098
2016-08-18,19.828834256839592,2016-08-19,20.917037823148654,LONG,2217.975594195146,19.28473247368506,20.917037823148654,0.2720508915772656,1,2413.6089515896188,TP,120680.44757948098,123094.0565310706
2016-08-19,19.768265222100595,2016-08-22,20.87403108976557,LONG,2226.4036199816132,19.215382288268106,20.87403108976557,0.276441466916244,1,2461.8811306214084,TP,123094.0565310706,125555.937661692
2016-08-22,19.707696187361563,2016-08-23,20.85069756205504,LONG,2196.951647505464,19.136195500014825,20.85069756205504,0.2857503436733688,1,2511.1187532338427,TP,125555.937661692,128067.05641492584
2016-08-23,24.152662507943134,2016-09-12,23.6078302590763,LONG,2350.5777545526344,23.6078302590763,25.242327005676795,0.2724161244334157,13,-1280.670564149261,SL,128067.05641492584,126786.38585077658
2016-09-12,24.084278724937732,2016-09-14,25.771052455264595,LONG,1503.3004554346237,23.2408918597743,25.771052455264595,0.42169343258171565,2,2535.7277170155317,TP,126786.38585077658,129322.11356779211
2016-09-14,24.073758142936907,2016-09-15,26.31705278982765,LONG,1152.965917758824,22.952110819491534,26.31705278982765,0.5608236617226857,1,2586.4422713558415,TP,129322.11356779211,131908.55583914794
2016-09-15,24.510162249013728,2016-10-11,26.93865086740264,LONG,1086.3427964233788,23.295917939819272,26.93865086740264,0.6071221545972282,18,2638.1711167829576,TP,131908.55583914794,134546.7269559309
2016-10-13,27.319031629531644,2016-10-19,26.490735156987167,LONG,1624.3788476197608,26.490735156987167,28.975624574620596,0.41414823627223807,4,-1345.4672695593094,SL,134546.7269559309,133201.2596863716
2016-10-19,27.49280553378366,2016-10-26,26.64702628562021,LONG,1574.893921500306,26.64702628562021,29.184364030110558,0.42288962408172487,5,-1332.012596863715,SL,133201.2596863716,131869.24708950787
2016-10-26,27.718042430331664,2016-10-27,26.82715170585021,LONG,1480.1955331419865,26.82715170585021,29.499823879294574,0.4454453622407278,1,-1318.6924708950778,SL,131869.24708950787,130550.55461861279
2016-10-27,27.76308980964126,2016-10-28,26.883362465024472,LONG,1483.9888224172564,26.883362465024472,29.52254449887484,0.4398636723083943,1,-1305.505546186129,SL,130550.55461861279,129245.04907242666
2016-10-28,27.808137188950866,2016-10-31,26.938084741335718,LONG,1485.4857247593843,26.938084741335718,29.548242084181165,0.4350262238075747,1,-1292.4504907242642,SL,129245.04907242666,127952.59858170239
2016-10-31,27.853184568260467,2016-11-01,27.036155419291713,LONG,1566.0714032443389,27.036155419291713,29.487242866197974,0.4085145744843768,1,-1279.5259858170239,SL,127952.59858170239,126673.07259588537
2016-11-01,27.674410312007723,2016-11-02,26.768196316616894,LONG,1397.8273701373835,26.768196316616894,29.48683830278938,0.4531069976954146,1,-1266.7307259588529,SL,126673.07259588537,125406.34186992652
2016-11-02,27.71691586277768,2016-11-03,26.863044009068656,LONG,1468.6787171305616,26.863044009068656,29.42465957019573,0.4269359268545124,1,-1254.063418699263,SL,125406.34186992652,124152.27845122725
2016-11-03,27.759421413547607,2016-11-04,26.90200550064659,LONG,1447.981972146579,26.90200550064659,29.47425323934964,0.42870795645050797,1,-1241.5227845122708,SL,124152.27845122725,122910.75566671498
2016-11-04,27.80192696431753,2016-11-07,26.92730287116538,LONG,1405.2980775288745,26.92730287116538,29.551175150621827,0.43731204657607436,1,-1229.1075566671514,SL,122910.75566671498,121681.64811004783
2016-11-07,27.844432515087462,2016-11-08,26.98378169319491,LONG,1413.8329391526338,26.98378169319491,29.56573415887257,0.4303254109462766,1,-1216.8164811004767,SL,121681.64811004783,120464.83162894734
2016-11-14,28.047986905646503,2016-11-15,26.79252687162807,LONG,959.5274111862204,26.79252687162807,30.558906973683374,0.6277300170092177,1,-1204.648316289472,SL,120464.83162894734,119260.18331265787
2016-11-15,28.090217185016474,2016-11-16,26.881070684964666,LONG,986.3170699956354,26.881070684964666,30.508510185120095,0.604573250025905,1,-1192.601833126577,SL,119260.18331265787,118067.58147953129
2016-11-16,28.062304695293527,2016-11-17,26.791267537233477,LONG,928.9073944913974,26.791267537233477,30.60437901141363,0.6355185790300258,1,-1180.6758147953117,SL,118067.58147953129,116886.90566473598
2016-11-17,28.10239923928185,2016-11-18,26.90741045679107,LONG,978.1422836547658,26.90741045679107,30.49237680426341,0.59749439124539,1,-1168.8690566473617,SL,116886.90566473598,115718.03660808862
2016-11-18,28.142493783270197,2016-11-21,27.05274976014489,LONG,1061.882737160768,27.05274976014489,30.32198182952081,0.5448720115626525,1,-1157.180366080887,SL,115718.03660808862,114560.85624200774
2016-12-05,26.880926527574477,2016-12-06,26.068467424838982,LONG,1410.0507441702503,26.068467424838982,28.505844733045464,0.4062295513677471,1,-1145.608562420079,SL,114560.85624200774,113415.24767958766
2016-12-06,26.891851290920712,2016-12-07,26.11088994929257,LONG,1452.2517522204153,26.11088994929257,28.453773974176997,0.39048067081407134,1,-1134.1524767958758,SL,113415.24767958766,112281.09520279178
2016-12-07,26.902776054266955,2016-12-08,26.10117351843122,LONG,1400.707834409852,26.10117351843122,28.505981125938426,0.4008012679178674,1,-1122.8109520279168,SL,112281.09520279178,111158.28425076387
2016-12-12,26.93555034430568,2017-02-01,28.73154913381266,LONG,1237.843643327597,26.037550949552188,28.73154913381266,0.4489996973767457,34,2223.165685015276,TP,111158.28425076387,113381.44993577915
2017-02-01,26.75900604512704,2017-02-02,28.77415378988357,LONG,1125.291683756696,25.75143217274878,28.77415378988357,0.5037869361891322,1,2267.6289987155837,TP,113381.44993577915,115649.07893449474
2017-02-02,26.757926904269073,2017-02-03,28.702298490746593,LONG,1189.5779565881035,25.785741111030315,28.702298490746593,0.4860928966193795,1,2312.981578689896,TP,115649.07893449474,117962.06051318464
2017-02-03,26.756847763411074,2017-02-06,28.568582971513415,LONG,1302.1997915108268,25.850980159359903,28.568582971513415,0.45293380202558525,1,2359.241210263693,TP,117962.06051318464,120321.30172344833
2017-02-06,26.755768622553113,2017-02-07,28.52262076341518,LONG,1361.984955512374,25.872342552122078,28.52262076341518,0.441713035215517,1,2406.426034468965,TP,120321.30172344833,122727.7277579173
2017-02-07,26.754689481695127,2017-02-08,28.507224460390333,LONG,1400.5737888243505,25.878421992347526,28.507224460390333,0.43813374467380134,1,2454.5545551583464,TP,122727.7277579173,125182.28231307564
2017-02-08,26.75361034083713,2017-02-09,28.395399542655174,LONG,1524.9495145229923,25.93271573992811,28.395399542655174,0.4104473004545103,1,2503.6456462615147,TP,125182.28231307564,127685.92795933716
2017-02-09,26.75253119997915,2017-02-10,28.339615206815147,LONG,1609.0632557490283,25.95898919656115,28.339615206815147,0.39677100170899937,1,2553.7185591867433,TP,127685.92795933716,130239.6465185239
2017-02-10,26.751452059121178,2017-02-13,28.23680288106425,LONG,1753.6550233721885,26.00877664814964,28.23680288106425,0.3713377054857681,1,2604.7929303704777,TP,130239.6465185239,132844.43944889438
2017-02-13,26.750372918263206,2017-02-14,28.24755547415853,LONG,1774.5924025871736,26.001781640315546,28.24755547415853,0.3742956389738309,1,2656.88878897789,TP,132844.43944889438,135501.32823787228
2017-02-14,26.749293777405196,2017-02-15,28.274015128690834,LONG,1777.3913656238649,25.986933101762375,28.274015128690834,0.38118033782140964,1,2710.026564757445,TP,135501.32823787228,138211.35480262974
2017-02-15,26.748214636547214,2017-02-16,28.27334749739083,LONG,1812.4500278117298,25.985648206125408,28.27334749739083,0.38128321521090397,1,2764.2270960525952,TP,138211.35480262974,140975.58189868234
2017-02-16,26.747135495689246,2017-02-17,28.1997830227082,LONG,1940.9468474156984,26.02081173217977,28.1997830227082,0.3631618817547382,1,2819.5116379736487,TP,140975.58189868234,143795.093536656
2017-02-17,26.746056354831257,2017-02-21,28.095141746461927,LONG,2131.7419109082166,26.071513659015924,28.095141746461927,0.33727134790766705,1,2875.901870733124,TP,143795.093536656,146670.99540738913
2017-02-21,26.744977213973293,2017-02-22,28.041351917953072,LONG,2262.7870623689164,26.096789861983403,28.041351917953072,0.3240936759949453,1,2933.4199081477786,TP,146670.99540738913,149604.4153155369
2017-02-22,26.74389807311531,2017-02-23,27.992115227950308,LONG,2397.0895566695426,26.119789495697812,27.992115227950308,0.31205428870874896,1,2992.0883063107403,TP,149604.4153155369,152596.50362184763
2017-02-23,26.74281893225732,2017-02-24,27.97028731448282,LONG,2486.3614547069287,26.129084741144574,27.97028731448282,0.3068670955563748,1,3051.9300724369527,TP,152596.50362184763,155648.43369428458
2017-02-24,26.741739791399322,2017-02-27,27.975919110220836,LONG,2522.298523733315,26.124650131988567,27.975919110220836,0.30854482970537833,1,3112.9686738856935,TP,155648.43369428458,158761.40236817027
2017-02-27,26.740660650541347,2017-02-28,27.953495040763382,LONG,2618.022767957723,26.13424345543033,27.953495040763382,0.3032085975555084,1,3175.228047363409,TP,158761.40236817027,161936.63041553367
2017-02-28,26.739581509683365,2017-03-01,27.882064614809956,LONG,2834.8188203201585,26.168339957120068,27.882064614809956,0.28562077628164767,1,3238.7326083106727,TP,161936.63041553367,165175.36302384434
2017-03-01,26.73850236882535,2017-03-02,28.118783329103035,LONG,2393.358566514088,26.048361888686507,28.118783329103035,0.34507024006942105,1,3303.5072604768866,TP,165175.36302384434,168478.87028432122
2017-03-02,26.737423227967408,2017-03-03,28.12132419968473,LONG,2434.8399737771897,26.04547274210875,28.12132419968473,0.3459752429293298,1,3369.577405686428,TP,168478.87028432122,171848.44769000766
2017-03-03,26.7363440871094,2017-03-06,28.08881413148923,LONG,2541.2532928787864,26.060109064919487,28.08881413148923,0.3381175110949567,1,3436.9689538001567,TP,171848.44769000766,175285.4166438078
2017-03-06,26.415034088025426,2017-03-07,27.732848089911165,LONG,2660.24516954565,25.756127087082557,27.732848089911165,0.3294535004714345,1,3505.7083328761614,TP,175285.4166438078,178791.12497668396
2017-03-13,31.425475433690753,2017-03-15,32.56463248856576,LONG,3139.0074654157565,30.85589690625325,32.56463248856576,0.2847892637187522,2,3575.822499533684,TP,178791.12497668396,182366.94747621764
2017-03-15,31.530828942848935,2017-03-20,32.690414145740554,LONG,3145.382452646946,30.951036341403125,32.690414145740554,0.2898963007229052,3,3647.33894952435,TP,182366.94747621764,186014.286425742
2017-03-20,31.68885920658621,2017-03-21,32.81936937672932,LONG,3290.802530368995,31.123604121514653,32.81936937672932,0.2826275425357783,1,3720.285728514834,TP,186014.286425742,189734.57215425684
2017-03-21,31.741535961165308,2017-03-28,33.10032995570616,LONG,2792.6907672030134,31.06213896389488,33.10032995570616,0.3396984986352128,5,3794.691443085134,TP,189734.57215425684,193529.26359734198
2017-03-28,32.68497079182502,2017-05-05,34.38477999771844,LONG,2277.0704256260697,31.835066188878315,34.38477999771844,0.42495230147335483,27,3870.5852719468326,TP,193529.26359734198,197399.8488692888
2017-06-14,37.01738561439719,2017-06-15,35.544992628055056,LONG,1340.6736564243538,35.544992628055056,39.96217158708147,0.736196493171069,1,-1973.9984886928853,SL,197399.8488692888,195425.85038059592
2017-06-15,37.08079187138842,2017-06-16,35.62186640058694,LONG,1339.519079567758,35.62186640058694,39.998642812991385,0.729462735400741,1,-1954.258503805959,SL,195425.85038059592,193471.59187678996
2017-06-16,37.14419812837971,2017-06-19,35.73723257894845,LONG,1375.098288334047,35.73723257894845,39.95812922724224,0.7034827747156307,1,-1934.7159187679015,SL,193471.59187678996,191536.87595802205
2017-11-01,38.44026806337577,2017-12-18,41.31336401192657,LONG,1333.3134666430738,37.00372008910037,41.31336401192657,0.7182739871377006,32,3830.737519160444,TP,191536.87595802205,195367.6134771825
2017-12-18,41.42348004525171,2017-12-26,40.25207917089246,LONG,1667.8117436445314,40.25207917089246,43.7662817939702,0.5857004371796237,5,-1953.6761347718295,SL,195367.6134771825,193413.93734241065
2017-12-26,41.6836595476925,2017-12-27,40.467879049303036,LONG,1590.8623110719816,40.467879049303036,44.11522054447143,0.6078902491947314,1,-1934.1393734241076,SL,193413.93734241065,191479.79796898653
2017-12-27,41.72867925399183,2017-12-28,40.608180573718116,LONG,1708.880173979427,40.608180573718116,43.96967661453926,0.5602493401368578,1,-1914.79797968986,SL,191479.79796898653,189564.99998929666
2017-12-28,41.773698960291156,2017-12-29,40.7170413381493,LONG,1794.0058919467847,40.7170413381493,43.88701420457487,0.5283288110709273,1,-1895.6499998929685,SL,189564.99998929666,187669.34998940368
2017-12-29,41.81871866659047,2018-01-02,40.78678704251453,LONG,1818.6219475292871,40.78678704251453,43.88258191474234,0.5159658120379674,1,-1876.6934998940421,SL,187669.34998940368,185792.65648950962
2018-01-02,41.86373837288976,2018-01-03,40.77767277421325,LONG,1710.6946092014825,40.77767277421325,44.035869570242795,0.5430327993382579,1,-1857.9265648950907,SL,185792.65648950962,183934.72992461454
2018-01-03,41.908758079189084,2018-01-04,40.8057529495796,LONG,1667.5781914970428,40.8057529495796,44.114768338408055,0.5515025648047422,1,-1839.3472992461468,SL,183934.72992461454,182095.3826253684
2018-01-04,41.95377778548841,2018-01-05,40.91103295399019,LONG,1746.3081774640075,40.91103295399019,44.03926744848487,0.521372415749114,1,-1820.95382625368,SL,182095.3826253684,180274.4287991147
2018-01-05,41.998797491787755,2018-01-08,40.94894808332677,LONG,1717.1455957991755,40.94894808332677,44.09849630870972,0.5249247042304916,1,-1802.7442879911516,SL,180274.4287991147,178471.68451112357
2018-01-08,42.04381719808705,2018-01-09,41.029029252114306,LONG,1758.709149230643,41.029029252114306,44.07339309003253,0.5073939729863718,1,-1784.716845111233,SL,178471.68451112357,176686.96766601235
2018-01-09,42.08883690438636,2018-01-10,41.106309979631085,LONG,1798.2913568503016,41.106309979631085,44.053890753896916,0.4912634623776391,1,-1766.8696766601208,SL,176686.96766601235,174920.09798935222
2018-01-10,42.1338566106857,2018-01-11,41.19927332061766,LONG,1871.637336642489,41.19927332061766,44.00302319082178,0.46729164503402026,1,-1749.2009798935221,SL,174920.09798935222,173170.89700945868
2018-01-11,42.178876316985004,2018-01-12,41.293963408625835,LONG,1956.9258779438242,41.293963408625835,43.94870213370334,0.4424564541795838,1,-1731.7089700945899,SL,173170.89700945868,171439.1880393641
2018-01-12,42.22389602328435,2018-01-16,41.32707129448891,LONG,1911.6242286230313,41.32707129448891,44.01754548087523,0.4484123643977197,1,-1714.3918803936365,SL,171439.1880393641,169724.79615897045
2018-01-16,42.26891572958364,2018-01-17,41.28870133451978,LONG,1731.5068725134663,41.28870133451978,44.22934451971136,0.4901071975319303,1,-1697.247961589705,SL,169724.79615897045,168027.54819738073
2018-01-17,42.31393543588297,2018-01-24,41.20337084236573,LONG,1512.9921229095276,41.20337084236573,44.53506462291745,0.5552822967586206,5,-1680.275481973804,SL,168027.54819738073,166347.27271540693
2018-01-24,42.53903396737958,2018-01-25,41.35752895274516,LONG,1407.9269292553797,41.35752895274516,44.902043996648416,0.5907525073172093,1,-1663.4727271540683,SL,166347.27271540693,164683.79998825287
2018-01-25,42.49665264968053,2018-01-26,41.19664760207621,LONG,1266.7935427769066,41.19664760207621,45.09666274488915,0.6500025238021565,1,-1646.8379998825321,SL,164683.79998825287,163036.96198837034
2018-01-26,42.540598041942275,2018-01-29,41.292771581484566,LONG,1306.5675969763279,41.292771581484566,45.03625096285769,0.6239132302288537,1,-1630.3696198837058,SL,163036.96198837034,161406.59236848663
2018-01-29,42.58454343420397,2018-01-30,41.2258092607064,LONG,1187.9188403203482,41.2258092607064,45.30201178119912,0.6793670867487875,1,-1614.0659236848646,SL,161406.59236848663,159792.52644480177
2018-01-30,42.62848882646569,2018-01-31,41.24732823569723,LONG,1156.9438594819426,41.24732823569723,45.3908100080026,0.6905802953842282,1,-1597.9252644480214,SL,159792.52644480177,158194.60118035375
2018-02-05,42.94701139429607,2018-02-06,41.093898391709125,LONG,853.6694791926566,41.093898391709125,46.65323739946996,0.9265565012934727,1,-1581.946011803537,SL,158194.60118035375,156612.6551685502
2018-02-06,42.994450512344955,2018-02-07,40.78139393942453,LONG,707.6757868954027,40.78139393942453,47.4205636581858,1.1065282864602106,1,-1566.1265516855028,SL,156612.6551685502,155046.5286168647
2018-02-07,43.04188963039383,2018-02-08,40.85349453894935,LONG,708.4942258507996,40.85349453894935,47.41867981328279,1.0941975457222404,1,-1550.4652861686493,SL,155046.5286168647,153496.06333069605
2018-02-08,43.089328748442774,2018-02-09,40.81988623093823,LONG,676.360216867174,40.81988623093823,47.62821378345187,1.1347212587522733,1,-1534.9606333069587,SL,153496.06333069605,151961.10269738908
2018-02-09,43.13676786649166,2018-02-12,40.69021879068243,LONG,621.1242774565062,40.69021879068243,48.02986601811012,1.2232745379046148,1,-1519.611026973891,SL,151961.10269738908,150441.49167041518
2018-02-12,43.18420698454055,2018-02-13,40.59482610691054,LONG,580.9940629827705,40.59482610691054,48.36296873980057,1.2946904388150053,1,-1504.4149167041535,SL,150441.49167041518,148937.07675371104
2018-02-13,43.23164610258942,2018-02-14,40.793127644750555,LONG,610.7687078395394,40.793127644750555,48.10868301826716,1.2192592289194328,1,-1489.3707675371113,SL,148937.07675371104,147447.70598617394
2018-02-14,43.27908522063835,2018-02-15,40.873494343084865,LONG,612.937583701389,40.873494343084865,48.09026697574533,1.2027954387767443,1,-1474.4770598617376,SL,147447.70598617394,145973.2289263122
2018-02-15,43.32652433868726,2018-02-16,40.88299903442703,LONG,597.3878341747122,40.88299903442703,48.21357494720771,1.2217626521301137,1,-1459.7322892631216,SL,145973.2289263122,144513.49663704907
2018-06-15,45.32425965477307,2018-06-18,44.25956604231765,LONG,1357.3247265358182,44.25956604231765,47.45364687968392,0.532346806227712,1,-1445.1349663704875,SL,144513.49663704907,143068.3616706786
2018-06-18,45.360218401023616,2018-06-19,44.3103295070564,LONG,1362.70001990464,44.3103295070564,47.45999618895805,0.5249444469836082,1,-1430.6836167067831,SL,143068.3616706786,141637.67805397182
2018-06-19,45.39617714727415,2018-06-20,44.153275278813965,LONG,1139.572492794178,44.153275278813965,47.881980884194526,0.621450934230094,1,-1416.376780539717,SL,141637.67805397182,140221.3012734321
2018-06-20,45.43213589352471,2018-06-21,44.259901365707414,LONG,1196.1881171895216,44.259901365707414,47.77660494915931,0.5861172639086487,1,-1402.2130127343182,SL,140221.3012734321,138819.08826069778
2018-06-21,45.46809463977526,2018-06-22,44.23750655540581,LONG,1128.071123261591,44.23750655540581,47.92927080851416,0.6152940421847262,1,-1388.1908826069762,SL,138819.08826069778,137430.8973780908
2018-06-22,45.50405338602584,2018-06-25,44.346269925656586,LONG,1187.0172798483386,44.346269925656586,47.81962030676434,0.5788917301846267,1,-1374.3089737809066,SL,137430.8973780908,136056.58840430988
2018-06-25,45.54001213227635,2018-06-26,44.27284927415932,LONG,1073.7103564295294,44.27284927415932,48.07433784851042,0.6335814290585156,1,-1360.5658840431001,SL,136056.58840430988,134696.02252026676
2018-06-26,45.575970878526924,2018-06-27,44.203312022912826,LONG,981.2782103096324,44.203312022912826,48.32128858975511,0.6863294278070478,1,-1346.9602252026705,SL,134696.02252026676,133349.0622950641
2018-06-27,45.61192962477747,2018-06-28,44.217712297117856,LONG,956.4438746354496,44.217712297117856,48.40036428009669,0.6971086638298057,1,-1333.4906229506403,SL,133349.0622950641,132015.57167211347
2018-06-28,45.64788837102803,2018-06-29,44.28786278830611,LONG,970.6844735074776,44.28786278830611,48.36793953647189,0.6800127913609638,1,-1320.1557167211315,SL,132015.57167211347,130695.41595539234
2018-06-29,45.68384711727858,2018-07-02,44.235742685360286,LONG,902.5275599927623,44.235742685360286,48.58005598111517,0.7240522159591471,1,-1306.9541595539247,SL,130695.41595539234,129388.46179583842
2018-07-02,45.71980586352913,2018-07-03,44.22054508149025,LONG,863.0150494557711,44.22054508149025,48.718327427606894,0.7496303910194413,1,-1293.8846179583832,SL,129388.46179583842,128094.57717788004
2018-07-03,46.20420155648226,2018-07-05,44.62724311644569,LONG,812.2888588928777,44.62724311644569,49.35811843655541,0.7884792200182866,1,-1280.945771778798,SL,128094.57717788004,126813.63140610124
2018-07-05,46.250415335135074,2018-07-06,44.726979336905075,LONG,832.4185036551546,44.726979336905075,49.29728733159507,0.7617179991149994,1,-1268.1363140610126,SL,126813.63140610124,125545.49509204022
2018-07-06,46.29662911378789,2018-07-09,44.77299749415042,LONG,823.9885118813166,44.77299749415042,49.343892353062834,0.7618158098187369,1,-1255.4549509203994,SL,125545.49509204022,124290.04014111983
2018-07-09,46.34284289244068,2018-07-11,44.85177455707589,LONG,833.5636750726965,44.85177455707589,49.32497956317025,0.7455341676823927,2,-1242.9004014111997,SL,124290.04014111983,123047.13973970863
2018-07-11,46.435270449746284,2018-07-12,45.08282297499164,LONG,909.8108579930722,45.08282297499164,49.14016539925557,0.6762237373773219,1,-1230.4713973970836,SL,123047.13973970863,121816.66834231155
2018-07-12,46.48148422839908,2018-07-13,45.087159820738115,LONG,873.6608759984586,45.087159820738115,49.270133043721025,0.6971622038304853,1,-1218.1666834231125,SL,121816.66834231155,120598.50165888843
2018-07-13,46.527698007051896,2018-07-16,45.26011264361554,LONG,951.4033937087469,45.26011264361554,49.06286873392461,0.6337926817181779,1,-1205.985016588882,SL,120598.50165888843,119392.51664229955
2018-07-16,46.57391178570474,2018-07-17,45.33496495694442,LONG,963.6613442221944,45.33496495694442,49.051805443225376,0.6194734143801603,1,-1193.9251664229944,SL,119392.51664229955,118198.59147587656
2018-07-17,46.62012556435754,2018-07-18,45.378301718694225,LONG,951.8144774611034,45.378301718694225,49.10377325568417,0.6209119228316573,1,-1181.985914758763,SL,118198.59147587656,117016.60556111779
2018-07-18,46.6663393430103,2018-07-19,45.47237938771602,LONG,980.0714424486346,45.47237938771602,49.05425925359887,0.5969799776471428,1,-1170.1660556111744,SL,117016.60556111779,115846.43950550661
2018-07-19,46.712553121663134,2018-07-20,45.49775771894831,LONG,953.6292222263322,45.49775771894831,49.14214392709279,0.6073977013574144,1,-1158.4643950550649,SL,115846.43950550661,114687.97511045155
2018-07-20,46.75876690031595,2018-07-23,45.563683023979884,LONG,959.6646510039669,45.563683023979884,49.148934652988075,0.5975419381680313,1,-1146.8797511045163,SL,114687.97511045155,113541.09535934703
2018-07-23,46.12184080610815,2018-07-27,44.93502667498058,LONG,956.6880978361233,44.93502667498058,48.4954690683633,0.5934070655637871,4,-1135.4109535934724,SL,113541.09535934703,112405.68440575356
2018-07-27,46.271703239235784,2018-07-30,44.955113259929945,LONG,853.7637850245428,44.955113259929945,48.904883197847454,0.6582949896529184,1,-1124.0568440575373,SL,112405.68440575356,111281.62756169602
2018-07-30,46.309168847517704,2018-07-31,44.971098908854195,LONG,831.6577807049933,44.971098908854195,48.98530872484472,0.6690349693317543,1,-1112.8162756169602,SL,111281.62756169602,110168.81128607906
2018-07-31,46.346634455799624,2018-08-02,49.01846252401155,LONG,824.6699149306243,45.01072042169366,49.01846252401155,0.6679570170529809,2,2203.376225721581,TP,110168.81128607906,112372.18751180064
2018-08-02,46.42156567236345,2018-08-17,50.69082873303783,LONG,526.4242840732802,44.28693414202626,50.69082873303783,1.0673157651685956,11,2247.4437502360133,TP,112372.18751180064,114619.63126203665
2018-08-17,46.89176601447078,2018-08-20,50.15743956403425,LONG,701.9662530405611,45.25892923968905,50.15743956403425,0.8164183873908657,1,2292.3926252407355,TP,114619.63126203665,116912.02388727739
2018-08-20,46.93037750125023,2018-08-21,50.27481730733361,LONG,699.142640717406,45.258157598208534,50.27481730733361,0.8361099515208466,1,2338.240477745548,TP,116912.02388727739,119250.26436502294
2018-08-21,46.96898898802963,2018-08-22,50.26672790209301,LONG,723.224412075037,45.32011953099794,50.26672790209301,0.824434728515845,1,2385.0052873004593,TP,119250.26436502294,121635.2696523234
2018-08-22,47.00760047480904,2018-08-23,50.184009814027085,LONG,765.8664653231822,45.41939580520002,50.184009814027085,0.794102334804511,1,2432.7053930464704,TP,121635.2696523234,124067.97504536988
2018-08-23,47.0462119615885,2018-08-24,50.108624537449685,LONG,810.2629673304576,45.5150056736579,50.108624537449685,0.7656031439652974,1,2481.3595009073965,TP,124067.97504536988,126549.33454627727
2018-08-24,47.74865279437385,2018-08-27,50.62888557289903,LONG,878.74379800008,46.308536405111255,50.62888557289903,0.7200581946312966,1,2530.986690925543,TP,126549.33454627727,129080.3212372028
2018-09-13,53.49766691873486,2018-09-19,51.10409745983392,LONG,539.2796133707062,51.10409745983392,58.284805836536734,1.1967847294504688,4,-1290.8032123720263,SL,129080.3212372028,127789.51802483077
2018-09-19,53.94847916206506,2018-09-21,51.57690643145449,LONG,538.8387055366877,51.57690643145449,58.6916246232862,1.1857863653052854,2,-1277.895180248309,SL,127789.51802483077,126511.62284458247
2018-09-21,54.401428908351484,2018-09-24,52.148962236346364,LONG,561.6581342442822,52.148962236346364,58.90636225236173,1.1262333360025611,1,-1265.1162284458233,SL,126511.62284458247,125246.50661613664
2018-09-24,54.51686794769549,2018-09-25,52.272261349073084,LONG,557.9886769156108,52.272261349073084,59.0060811449403,1.1223032993112037,1,-1252.4650661613648,SL,125246.50661613664,123994.04154997527
2018-09-25,54.63230698703951,2018-09-26,52.48989538746128,LONG,578.7591962925584,52.48989538746128,58.917130186195976,1.0712057997891167,1,-1239.9404154997517,SL,123994.04154997527,122754.10113447552
2018-09-26,54.747746026383496,2018-10-05,52.63894729637944,LONG,582.1043961565719,52.63894729637944,58.9653434863916,1.054399365002027,7,-1227.5410113447554,SL,122754.10113447552,121526.56012313077
2018-10-05,55.71021578272118,2018-10-08,53.447596479862504,LONG,537.1056455214973,53.447596479862504,60.23545438843853,1.1313096514293364,1,-1215.2656012313084,SL,121526.56012313077,120311.29452189946
2018-10-08,55.82978307021834,2018-10-09,53.5782715301243,LONG,534.3578852670421,53.5782715301243,60.33280615040643,1.1257557700470222,1,-1203.112945218994,SL,120311.29452189946,119108.18157668046
2018-10-09,55.94935035771553,2018-10-10,53.68093500184818,LONG,525.0721886915557,53.68093500184818,60.48618106945023,1.134207677933676,1,-1191.081815766806,SL,119108.18157668046,117917.09976091365
2018-10-10,56.00325120822219,2018-10-11,53.353813525597026,LONG,445.06462837079033,53.353813525597026,61.30212657347251,1.3247188413125819,1,-1179.1709976091358,SL,117917.09976091365,116737.92876330452
2018-10-11,56.121950846565035,2018-10-12,53.37222325277042,LONG,424.54361307189134,53.37222325277042,61.62140603415427,1.374863796897309,1,-1167.3792876330447,SL,116737.92876330452,115570.54947567148
2018-10-12,56.24065048490786,2018-10-15,53.325043915609356,LONG,396.38595513069464,53.325043915609356,62.07186362350487,1.4578032846492515,1,-1155.7054947567153,SL,115570.54947567148,114414.84398091477
2018-10-15,56.3593501232507,2018-10-16,53.52675633147049,LONG,403.92252610639275,53.52675633147049,62.02453770681112,1.4162968958901048,1,-1144.1484398091488,SL,114414.84398091477,113270.69554110561
2018-10-16,56.47804976159351,2018-10-17,53.62959566907797,LONG,397.6567354156424,53.62959566907797,62.174957946624595,1.4242270462577704,1,-1132.7069554110553,SL,113270.69554110561,112137.98858569456
2018-10-17,56.59674939993635,2018-10-18,53.919633481927455,LONG,418.8761040616319,53.919633481927455,61.950981235954146,1.3385579590044483,1,-1121.3798858569448,SL,112137.98858569456,111016.60869983761
2019-03-15,37.58344429262566,2019-03-18,40.47048891619523,LONG,769.0674940976536,36.139921980840874,40.47048891619523,0.7217611558923923,1,2220.3321739967546,TP,111016.60869983761,113236.94087383436
2019-03-18,37.42379350640631,2019-03-19,40.25693488078855,LONG,799.3737403840321,36.007222819215194,40.25693488078855,0.7082853435955596,1,2264.738817476686,TP,113236.94087383436,115501.67969131104
2019-03-19,37.264142720186975,2019-03-20,40.11040892024984,LONG,811.6013863268307,35.841009620155546,40.11040892024984,0.711566550015716,1,2310.033593826221,TP,115501.67969131104,117811.71328513726
2019-03-20,37.10449193396768,2019-03-21,40.17730621041014,LONG,766.8000906422077,35.56808479574645,40.17730621041014,0.768203569110614,1,2356.234265702746,TP,117811.71328513726,120167.94755084
2019-03-29,43.60926844946413,2019-04-08,47.410150154650836,LONG,632.316166992823,41.70882759687078,47.410150154650836,0.9502204262966755,6,2403.3589510168017,TP,120167.94755084,122571.3065018568
2019-04-08,43.001288786922075,2019-04-09,46.299710465858844,LONG,743.2118657513008,41.35207794745369,46.299710465858844,0.8246054197341928,1,2451.4261300371345,TP,122571.3065018568,125022.73263189393
2019-04-09,42.91748057139284,2019-04-10,46.237016913762425,LONG,753.2541881595963,41.25771240020804,46.237016913762425,0.8298840855923966,1,2500.45465263788,TP,125022.73263189393,127523.18728453181
2019-04-10,42.833672355863584,2019-04-11,46.03654777968443,LONG,796.3043853413686,41.23223464395316,46.03654777968443,0.8007188559552121,1,2550.463745690637,TP,127523.18728453181,130073.65103022245
2019-04-11,43.01965128493991,2019-04-12,46.121418637184824,LONG,838.706687244491,41.46876760881745,46.121418637184824,0.7754418380612288,1,2601.4730206044474,TP,130073.65103022245,132675.12405082688
2019-04-12,42.94499453062097,2019-04-15,46.133564346189274,LONG,832.1920592927647,41.35070962283682,46.133564346189274,0.7971424538920759,1,2653.5024810165405,TP,132675.12405082688,135328.62653184342
2019-04-15,42.87033777630199,2019-04-16,45.868037478041856,LONG,902.8831437204905,41.371487925432056,45.868037478041856,0.749424925434967,1,2706.5725306368695,TP,135328.62653184342,138035.1990624803
2019-04-16,45.51770514732803,2019-04-17,48.473483915429505,LONG,934.0022369207408,44.039815763277296,48.473483915429505,0.7389446920253679,1,2760.7039812496087,TP,138035.1990624803,140795.90304372992
2019-04-17,45.473989166816665,2019-04-18,48.642986919159895,LONG,888.5831675937427,43.88949029064505,48.642986919159895,0.7922494380858076,1,2815.9180608745987,TP,140795.90304372992,143611.82110460452
2019-04-18,45.43027318630528,2019-04-22,48.38427019491011,LONG,972.322048304525,43.95327468200286,48.38427019491011,0.7384992521512082,1,2872.2364220920877,TP,143611.82110460452,146484.05752669662
2019-05-14,50.316809369647245,2019-05-15,47.283397316138796,LONG,482.9019432334392,47.283397316138796,56.38363347666414,1.5167060267542234,1,-1464.8405752669676,SL,146484.05752669662,145019.21695142964
2019-05-15,50.39350765153934,2019-05-16,47.39837067022601,LONG,484.18225228497073,47.39837067022601,56.383781614166,1.497568490656665,1,-1450.1921695142962,SL,145019.21695142964,143569.02478191533
2019-05-16,50.470205933431416,2019-05-17,47.64244227725674,LONG,507.71224981415753,47.64244227725674,56.12573324578077,1.4138818280873386,1,-1435.6902478191519,SL,143569.02478191533,142133.33453409618
2019-05-17,50.546904215323494,2019-05-20,47.83160585155553,LONG,523.4538363469593,47.83160585155553,55.97750094285942,1.3576491818839818,1,-1421.333345340962,SL,142133.33453409618,140712.0011887552
2019-05-20,50.62360249721554,2019-05-21,47.71308433724274,LONG,483.4603100022237,47.71308433724274,56.44463881716115,1.4552590799864007,1,-1407.120011887553,SL,140712.0011887552,139304.88117686767
2019-08-12,52.3497312272675,2019-08-13,49.911315063554454,LONG,571.2924776742966,49.911315063554454,57.226563554693584,1.2192080818565207,1,-1393.0488117686778,SL,139304.88117686767,137911.832365099
2019-08-13,52.39309155554233,2019-08-14,49.53182285906921,LONG,481.9953908386616,49.53182285906921,58.11562894848857,1.4306343482365607,1,-1379.1183236509885,SL,137911.832365099,136532.714041448
2019-08-14,52.43645188381718,2019-08-15,49.547417563367006,LONG,472.5894499590901,49.547417563367006,58.21452052471752,1.4445171602250857,1,-1365.3271404144803,SL,136532.714041448,135167.38690103352
2019-08-15,52.479812212091964,2019-08-16,49.62508962485525,LONG,473.4869423227261,49.62508962485525,58.1892573865654,1.4273612936183588,1,-1351.6738690103339,SL,135167.38690103352,133815.7130320232
2019-08-16,52.5231725403668,2019-08-23,49.7013956714277,LONG,474.22499810317635,49.7013956714277,58.166726278245,1.4108884344695505,5,-1338.1571303202334,SL,133815.7130320232,132477.55590170296
2019-08-23,52.73997418174096,2019-08-26,49.909472721401194,LONG,468.03563876557945,49.909472721401194,58.4009771024205,1.415250730169885,1,-1324.7755590170289,SL,132477.55590170296,131152.78034268593
2019-08-26,52.78333451001578,2019-08-27,50.03835779097484,LONG,477.7919587912178,50.03835779097484,58.27328794809765,1.3724883595204682,1,-1311.5278034268583,SL,131152.78034268593,129841.25253925908
2019-08-27,52.82669483829059,2019-08-28,50.12568888013297,LONG,480.7144247390879,50.12568888013297,58.22870675460584,1.3505029790788117,1,-1298.4125253925906,SL,129841.25253925908,128542.84001386649
2019-08-28,52.87005516656546,2019-08-29,50.375227161455335,LONG,515.2372818910716,50.375227161455335,57.85971117678571,1.2474140025550622,1,-1285.4284001386638,SL,128542.84001386649,127257.41161372782
2019-08-29,52.35161655343786,2019-08-30,49.94630626436784,LONG,529.0685870841653,49.94630626436784,57.16223713157789,1.2026551445350075,1,-1272.5741161372787,SL,127257.41161372782,125984.83749759055
2019-08-30,52.388683662382704,2019-09-03,50.095598577261605,LONG,549.4119617063283,50.095598577261605,56.9748538326249,1.1465425425605493,1,-1259.8483749759057,SL,125984.83749759055,124724.98912261464
2019-09-09,52.23839246779866,2019-10-11,56.48558012992682,LONG,587.3297769946815,50.114798636734584,56.48558012992682,1.061796915532039,24,2494.499782452292,TP,124724.98912261464,127219.48890506693
2019-10-11,53.646906009953504,2019-10-22,58.235064055031586,LONG,554.5558267834342,51.35282698741447,58.235064055031586,1.1470395112695195,7,2544.3897781013407,TP,127219.48890506693,129763.87868316827
2019-10-22,56.708870364703166,2019-11-01,60.28615840139955,LONG,725.4874494423154,54.92022634635497,60.28615840139955,0.8943220091740952,8,2595.2775736633653,TP,129763.87868316827,132359.15625683163
2019-11-01,57.437738727351814,2019-11-07,62.56616720280033,LONG,516.178228439682,54.873524489627556,62.56616720280033,1.2821071188621282,4,2647.183125136634,TP,132359.15625683163,135006.33938196825
2019-11-07,57.8021729086761,2019-11-08,61.81697656432321,LONG,672.542674370001,55.79477108085254,61.81697656432321,1.0037009139117778,1,2700.1267876393667,TP,135006.33938196825,137706.46616960762
2019-11-08,57.893281454007194,2019-11-11,61.83474707662518,LONG,698.7576670941039,55.9225486426982,61.83474707662518,0.9853664056544961,1,2754.1293233921515,TP,137706.46616960762,140460.59549299977
2019-11-11,57.98438999933825,2019-11-12,61.93950606017577,LONG,710.2729393142317,56.006831968919485,61.93950606017577,0.9887790152093816,1,2809.211909859995,TP,140460.59549299977,143269.80740285976
2019-11-12,58.075498544669294,2019-11-13,61.74390110527204,LONG,781.1018831004178,56.24129726436792,61.74390110527204,0.9171006401506852,1,2865.3961480571975,TP,143269.80740285976,146135.20355091695
2019-11-13,58.166607090000376,2019-11-14,61.82329972803763,LONG,799.2752906317859,56.33826077098175,61.82329972803763,0.9141731595093139,1,2922.70407101834,TP,146135.20355091695,149057.9076219353
2019-11-14,58.25771563533145,2019-11-15,61.78458602128211,LONG,845.2701194561024,56.49428044235612,61.78458602128211,0.8817175964876655,1,2981.1581524387034,TP,149057.9076219353,152039.065774374
2019-11-15,58.34882418066254,2019-11-18,61.809496499598154,LONG,878.6677949395448,56.61848802119473,61.809496499598154,0.8651680797339044,1,3040.7813154874775,TP,152039.065774374,155079.8470898615
2019-11-18,58.43993272599363,2019-11-19,61.850963240716,LONG,909.2844313208011,56.734417468632444,61.850963240716,0.8527576286805926,1,3101.5969417972296,TP,155079.8470898615,158181.44403165873
2019-11-19,58.53104127132465,2019-11-20,61.82312677843818,LONG,960.9801670695409,56.88499851776789,61.82312677843818,0.8230213767783825,1,3163.628880633171,TP,158181.44403165873,161345.0729122919
2019-11-20,58.62214981665573,2019-11-21,62.233237111537214,LONG,893.6093743343696,56.816606169214985,62.233237111537214,0.902771823720372,1,3226.901458245836,TP,161345.0729122919,164571.97437053773
2019-11-21,58.7132583619868,2019-11-22,62.20704060781412,LONG,942.0848970601342,56.96636723907314,62.20704060781412,0.8734455614568299,1,3291.439487410754,TP,164571.97437053773,167863.4138579485
2019-11-22,58.8043669073179,2019-11-25,62.13342768472029,LONG,1008.4731104785027,57.139836518616704,62.13342768472029,0.8322651943505974,1,3357.2682771589702,TP,167863.4138579485,171220.68213510746
2019-11-25,58.895475452648974,2019-11-26,62.380323648454755,LONG,982.6579094101236,57.15305135474608,62.380323648454755,0.8712120489514452,1,3424.4136427021504,TP,171220.68213510746,174645.09577780962
2019-12-10,65.67083834159654,2019-12-27,70.02702648338466,LONG,801.8253119164931,63.492744270702474,70.02702648338466,1.0890470354470314,12,3492.901915556191,TP,174645.09577780962,178137.99769336582
2019-12-27,68.1154445817992,2020-01-02,72.22695202623169,LONG,866.5337475411258,66.05969085958296,72.22695202623169,1.0278768611081208,3,3562.7599538673226,TP,178137.99769336582,181700.75764723314
2020-01-02,68.6157488840017,2020-01-08,73.37249106281024,LONG,763.9714359828738,66.23737779459744,73.37249106281024,1.1891855447021347,4,3634.0151529446616,TP,181700.75764723314,185334.7728001778
2020-01-08,69.28282128693829,2020-01-09,74.32329200748006,LONG,735.3867647514348,66.7625859266674,74.32329200748006,1.260117680135446,1,3706.6954560035506,TP,185334.7728001778,189041.46825618134
2020-01-09,69.44958938767246,2020-01-10,74.749656651084,LONG,713.3549778177701,66.7995557559667,74.749656651084,1.3250168158528843,1,3780.8293651236245,TP,189041.46825618134,192822.29762130496
2020-01-10,69.61635748840659,2020-01-13,74.77852678170774,LONG,747.0591786733025,67.03527284175601,74.77852678170774,1.2905423233252873,1,3856.445952426098,TP,192822.29762130496,196678.74357373104
2020-01-13,69.78312558914074,2020-01-14,75.12431622190849,LONG,736.4603029411593,67.11253027275686,75.12431622190849,1.335297658191938,1,3933.5748714746182,TP,196678.74357373104,200612.31844520566
2020-01-17,73.10569274978393,2020-01-29,78.11399139814885,LONG,801.1196317563856,70.60154342560146,78.11399139814885,1.2520746620912315,7,4012.2463689041147,TP,200612.31844520566,204624.56481410976
2020-02-20,81.25120189127527,2020-02-21,78.00710783708841,LONG,630.7602720396444,78.00710783708841,87.73938999964899,1.6220470270934308,1,-2046.2456481410966,SL,204624.56481410976,202578.31916596866
2020-02-21,81.49928894378039,2020-02-24,78.04602597357837,LONG,586.6287071503207,78.04602597357837,88.40581488418442,1.7266314851010092,1,-2025.7831916596867,SL,202578.31916596866,200552.53597430896
2020-02-24,81.74737599628546,2020-02-25,77.21830806464199,LONG,442.81194056087895,77.21830806464199,90.80551185957239,2.2645339658217334,1,-2005.5253597430901,SL,200552.53597430896,198547.01061456586
2020-02-25,81.99546304879055,2020-02-26,77.01257180724548,LONG,398.4574436607631,77.01257180724548,91.96124553188072,2.49144562077254,1,-1985.470106145657,SL,198547.01061456586,196561.5405084202
2020-02-26,82.24355010129565,2020-02-27,77.19110377960844,LONG,389.0423133536245,77.19110377960844,92.34844274467007,2.526223160843604,1,-1965.6154050842042,SL,196561.5405084202,194595.925103336
2020-05-06,66.82794194238761,2020-05-08,74.9997503162517,LONG,476.261596455718,62.74203775545556,74.9997503162517,2.0429520934660244,2,3891.918502066719,TP,194595.925103336,198487.8436054027
2020-05-08,66.44100860060666,2020-05-11,74.04744104847768,LONG,521.89471204982,62.63779237667116,74.04744104847768,1.9016081119677555,1,3969.7568721080506,TP,198487.8436054027,202457.60047751077
2020-05-11,66.24754192971614,2020-05-12,74.10857809830608,LONG,515.0913852462938,62.31702384542116,74.10857809830608,1.9652590421474876,1,4049.1520095502146,TP,202457.60047751077,206506.752487061
2020-05-12,66.05407525882563,2020-05-13,74.00255138544665,LONG,519.6134433754647,62.079837195515125,74.00255138544665,1.9871190316552525,1,4130.135049741223,TP,206506.752487061,210636.8875368022
2020-05-13,65.86060858793513,2020-05-14,74.3970429541075,LONG,493.5008658216842,61.59239140484895,74.3970429541075,2.134108591543092,1,4212.737750736046,TP,210636.8875368022,214849.62528753825
2020-05-14,65.66714191704466,2020-05-15,74.13370907891546,LONG,507.5247645943542,61.43385833610926,74.13370907891546,2.116641790467699,1,4296.992505750767,TP,214849.62528753825,219146.617793289
2020-05-15,65.47367524615412,2020-05-18,74.01807978480521,LONG,512.9593684427438,61.20147297682857,74.01807978480521,2.1361011346627743,1,4382.932355865779,TP,219146.617793289,223529.5501491548
2020-05-18,65.28020857526366,2020-05-19,73.82223035394519,LONG,523.3645053610641,61.00919768592289,73.82223035394519,2.1355054446703825,1,4470.591002983096,TP,223529.5501491548,228000.1411521379
2020-08-11,99.06160484803898,2020-08-13,112.74348663456703,LONG,333.2876934759656,92.22066395477496,112.74348663456703,3.4204704466320126,2,4560.002823042759,TP,228000.1411521379,232560.14397518066
2020-08-13,99.6401295733294,2020-08-19,113.24021733616247,LONG,341.99800476395666,92.84008569191286,113.24021733616247,3.4000219407082675,4,4651.202879503613,TP,232560.14397518066,237211.34685468426
2020-12-23,131.90107530605616,2021-01-04,125.50272185847189,LONG,370.7381106685259,125.50272185847189,144.6977822012247,3.199176723792137,6,-2372.1134685468414,SL,237211.34685468426,234839.23338613744
2021-01-04,104.53232094929781,2021-01-05,119.59159654054663,LONG,311.88649409219425,97.0026831536734,119.59159654054663,3.764818897812204,1,4696.78466772275,TP,234839.23338613744,239536.01805386017
2021-01-05,104.23789701771824,2021-01-06,119.0077438766944,LONG,324.35816070535014,96.85297358823016,119.0077438766944,3.692461714744043,1,4790.720361077202,TP,239536.01805386017,244326.73841493737
2021-01-06,128.25902877283642,2021-02-23,120.64648755016462,LONG,320.9529265828859,120.64648755016462,143.48411121818,3.806270611335899,32,-2443.2673841493724,SL,244326.73841493737,241883.471030788
2021-04-27,132.70390630023377,2021-04-30,127.92957014500621,LONG,506.63267764659287,127.92957014500621,142.2525786106889,2.387168077613782,3,-2418.8347103078772,SL,241883.471030788,239464.63632048012
2021-04-30,132.4966851749277,2021-05-04,127.32166585019341,LONG,462.7318687989154,127.32166585019341,142.8467238243963,2.587509662367147,2,-2394.6463632048008,SL,239464.63632048012,237069.9899572753
2021-05-04,132.358537758057,2021-05-05,126.36523679058023,LONG,395.5582929069613,126.36523679058023,144.34513969301054,2.996650483738388,1,-2370.699899572751,SL,237069.9899572753,234699.29005770254
2021-05-05,132.28946404962167,2021-05-06,126.41933214315799,LONG,399.8194483488043,126.41933214315799,144.02972786254904,2.9350659532318426,1,-2346.992900577025,SL,234699.29005770254,232352.29715712552
2021-05-06,132.8372637865141,2021-05-07,127.06868049722186,LONG,402.78918671144595,127.06868049722186,144.37443036509853,2.8842916446461153,1,-2323.5229715712526,SL,232352.29715712552,230028.77418555427
2021-05-07,132.77616028326926,2021-05-10,127.31317991299028,LONG,421.06827884100034,127.31317991299028,143.70212102382723,2.731490185139492,1,-2300.2877418555427,SL,230028.77418555427,227728.48644369873
2021-05-10,132.71505678002467,2021-05-11,127.09505484888442,LONG,405.210690732796,127.09505484888442,143.95506064230517,2.810000965570124,1,-2277.2848644369888,SL,227728.48644369873,225451.20157926175
2021-05-11,132.6539532767798,2021-05-12,126.72078481170828,LONG,379.9844937936459,126.72078481170828,144.5202902069228,2.9665842325357508,1,-2254.5120157926185,SL,225451.20157926175,223196.68956346912
2021-05-12,132.59284977353505,2021-05-13,126.49764827320595,LONG,366.1842673313067,126.49764827320595,144.78325277419324,3.047600750164548,1,-2231.966895634692,SL,223196.68956346912,220964.72266783443
2021-05-13,132.53174627029028,2021-05-14,126.36903179356662,LONG,358.5509656538686,126.36903179356662,144.8571752237376,3.081357238361831,1,-2209.6472266783453,SL,220964.72266783443,218755.07544115608
2021-05-14,132.47064276704555,2021-05-17,126.36921028258307,LONG,358.53068275068847,126.36921028258307,144.6735077359705,3.0507162422312377,1,-2187.5507544115617,SL,218755.07544115608,216567.52468674452
2021-05-17,132.40953926380075,2021-05-18,126.5278814117309,LONG,368.2083013559364,126.5278814117309,144.17285496794045,2.940828926034926,1,-2165.675246867445,SL,216567.52468674452,214401.84943987709
2021-05-18,132.34843576055604,2021-05-19,126.67547817341398,LONG,377.93663383950826,126.67547817341398,143.69435093484017,2.8364787935710325,1,-2144.018494398771,SL,214401.84943987709,212257.83094547832
2021-05-19,132.28733225731133,2021-05-20,126.83431105917913,LONG,389.2481309593692,126.83431105917913,143.19337465357575,2.726510599066106,1,-2122.578309454781,SL,212257.83094547832,210135.25263602354
2021-05-20,132.2262287540665,2021-05-21,126.71121149982214,LONG,381.02374471141167,126.71121149982214,143.25626326255525,2.7575086271221827,1,-2101.3525263602373,SL,210135.25263602354,208033.9001096633
2021-05-21,132.1651252508217,2021-05-24,126.65888057704427,LONG,377.81448597878466,126.65888057704427,143.17761459837652,2.753122336888705,1,-2080.3390010966355,SL,208033.9001096633,205953.56110856665
2021-05-24,132.10402174757687,2021-05-25,126.67829811502536,LONG,379.58726808891,126.67829811502536,142.95546901267988,2.7128618162757574,1,-2059.535611085664,SL,205953.56110856665,203894.025497481
2021-05-25,132.0429182443322,2021-05-26,126.81978892317314,LONG,390.36756120798935,126.81978892317314,142.48917688665037,2.6115646605795386,1,-2038.9402549748104,SL,203894.025497481,201855.08524250617
2021-05-26,131.9818147410874,2021-05-27,127.20249808180766,LONG,422.35135194604794,127.20249808180766,141.54044805964685,2.3896583296398632,1,-2018.5508524250629,SL,201855.08524250617,199836.5343900811
2021-05-27,131.9207112378428,2021-05-28,127.1119705129797,LONG,415.56936799866764,127.1119705129797,141.538192687569,2.404370362431547,1,-1998.3653439008133,SL,199836.5343900811,197838.1690461803
2021-05-28,131.8596077345979,2021-06-01,127.36651148552528,LONG,440.3158937158639,127.36651148552528,140.8458002327431,2.246548124536306,1,-1978.381690461801,SL,197838.1690461803,195859.7873557185
2021-06-01,131.79850423135312,2021-06-02,127.5373008270406,LONG,459.634917116371,127.5373008270406,140.32091103997817,2.130601702156262,1,-1958.5978735571853,SL,195859.7873557185,193901.1894821613
2021-06-02,131.73740072810833,2021-06-03,127.73446315384591,LONG,484.39723549246037,127.73446315384591,139.74327587663316,2.001468787131212,1,-1939.0118948216107,SL,193901.1894821613,191962.1775873397
2021-06-03,131.67629722486367,2021-06-04,127.70448354919469,LONG,483.31113506981694,127.70448354919469,139.61992457620164,1.9859068378344906,1,-1919.621775873398,SL,191962.1775873397,190042.55581146633
2021-06-04,131.61519372161897,2021-06-07,127.49066646154394,LONG,460.7620312055087,127.49066646154394,139.86424824176902,2.062263630037516,1,-1900.4255581146608,SL,190042.55581146633,188142.13025335167
2021-06-07,131.55409021837406,2021-06-08,127.591479509521,LONG,474.79337254354556,127.591479509521,139.47931163608018,1.9813053544265329,1,-1881.4213025335155,SL,188142.13025335167,186260.70895081817
2021-06-08,131.4929867151294,2021-06-09,127.39205495619713,LONG,454.1911933675124,127.39205495619713,139.69485023299396,2.0504658794661372,1,-1862.6070895081823,SL,186260.70895081817,184398.10186131
2021-06-09,131.43188321188458,2021-06-10,127.55742883523243,LONG,475.9330835652919,127.55742883523243,139.1807919651889,1.9372271883260763,1,-1843.9810186131,SL,184398.10186131,182554.1208426969
2021-06-10,131.37077970863987,2021-06-11,127.42698153391795,LONG,462.8891052609933,127.42698153391795,139.2583760580837,1.971899087360961,1,-1825.5412084269678,SL,182554.1208426969,180728.57963426993
2021-06-11,131.30967620539502,2021-06-14,127.54275824538104,LONG,479.7783799719352,127.54275824538104,138.843512125423,1.8834589800069954,1,-1807.2857963426961,SL,180728.57963426993,178921.29383792722
2021-06-14,131.24857270215026,2021-06-15,127.08026584329963,LONG,429.2421357079825,127.08026584329963,139.58518641985148,2.08415342942531,1,-1789.2129383792753,SL,178921.29383792722,177132.08089954796
2021-06-15,128.3151032235753,2021-07-02,136.17038069645253,LONG,450.9887308529866,124.3874644871367,136.17038069645253,1.9638193682193084,13,3542.641617990953,TP,177132.08089954796,180674.7225175389
2021-07-02,126.61875749589314,2021-07-06,134.39026654409685,LONG,464.96689741177084,122.73300297179128,134.39026654409685,1.9428772620509247,1,3613.494450350784,TP,180674.7225175389,184288.2169678897
2021-07-06,126.48826936299446,2021-07-07,134.88506299208092,LONG,438.949020563078,122.28987254845123,134.88506299208092,2.099198407271614,1,3685.764339357795,TP,184288.2169678897,187973.98130724748
2021-07-07,126.35778123009585,2021-07-08,135.12978183496875,LONG,428.57721921001007,121.97178092765941,135.12978183496875,2.1930001512182224,1,3759.479626144954,TP,187973.98130724748,191733.46093339243
2021-07-08,126.22729309719718,2021-07-09,135.86093198481615,LONG,398.0499231288521,121.4104736533877,135.86093198481615,2.408409721904741,1,3834.6692186678515,TP,191733.46093339243,195568.13015206027
2021-07-20,131.35628280946793,2021-07-22,144.69543780569543,LONG,293.22416630943934,124.68670531135417,144.69543780569543,3.334788749056879,2,3911.362603041203,TP,195568.13015206027,199479.49275510147
2021-08-26,151.63519101304772,2021-08-27,146.9406863918169,LONG,424.92128318067864,146.9406863918169,161.0242002555093,2.347252310615397,1,-1994.7949275510198,SL,199479.49275510147,197484.69782755044
2021-08-27,151.23201121297677,2021-08-30,146.66269170179538,LONG,432.19717365855894,146.66269170179538,160.37065023533955,2.2846597555906945,1,-1974.846978275505,SL,197484.69782755044,195509.85084927492
2021-08-30,151.43894651967202,2021-09-10,146.20351496326475,LONG,373.4359789500155,146.20351496326475,161.90980963248654,2.617715778203631,8,-1955.0985084927497,SL,195509.85084927492,193554.75234078217
2021-09-10,153.094428973234,2021-09-13,147.02374234713605,LONG,318.83502519910724,147.02374234713605,165.2358022254299,3.0353433130489726,1,-1935.5475234078194,SL,193554.75234078217,191619.20481737435
2021-09-13,153.3013642799292,2021-09-14,147.34374834490316,LONG,321.6373913779934,147.34374834490316,165.2165961499813,2.9788079675130246,1,-1916.1920481737411,SL,191619.20481737435,189703.0127692006
2021-09-14,154.0989535720666,2021-09-15,147.85072876351347,LONG,303.61105527047954,147.85072876351347,166.59540318917286,3.124112404276566,1,-1897.0301276920022,SL,189703.0127692006,187805.9826415086
2021-09-15,154.31331570001072,2021-09-16,148.09750831003197,LONG,302.1425389472224,148.09750831003197,166.74493047996822,3.107903694989373,1,-1878.0598264150872,SL,187805.9826415086,185927.9228150935
2021-09-16,154.5276778279548,2021-09-17,148.66859034976312,LONG,317.33255990313035,148.66859034976312,166.2458527843381,2.9295437390958288,1,-1859.2792281509385,SL,185927.9228150935,184068.64358694258
2021-09-17,154.74203995589886,2021-09-20,148.8660916457625,LONG,313.25776516688126,148.8660916457625,166.49393657617156,2.9379741550681757,1,-1840.6864358694258,SL,184068.64358694258,182227.95715107315
2021-09-20,154.95640208384307,2021-09-21,148.61464583013165,LONG,287.3462016841577,148.61464583013165,167.63991459126592,3.1708781268557127,1,-1822.2795715107309,SL,182227.95715107315,180405.6775795624
2021-09-21,155.1707642117872,2021-09-22,149.19990483570166,LONG,302.14357132931775,149.19990483570166,167.11248296395826,2.9854296880427653,1,-1804.0567757956278,SL,180405.6775795624,178601.6208037668
2021-09-22,155.38512633973133,2021-09-23,149.42796058509452,LONG,299.80972187109467,149.42796058509452,167.29945784900494,2.978582877318399,1,-1786.0162080376701,SL,178601.6208037668,176815.60459572912
2021-09-23,155.59948846767549,2021-09-24,150.06104881437156,LONG,319.2516587054464,150.06104881437156,166.6763677742833,2.769219826651956,1,-1768.1560459572956,SL,176815.60459572912,175047.44854977183
2021-09-24,155.8138505956195,2021-09-27,150.51572737896558,LONG,330.3952010771183,150.51572737896558,166.4100970289273,2.649061608326956,1,-1750.4744854977207,SL,175047.44854977183,173296.9740642741
2021-10-04,157.0467135121654,2021-10-05,150.82282556947777,LONG,278.43845464454097,150.82282556947777,169.49448939754072,3.1119439713438255,1,-1732.9697406427376,SL,173296.9740642741,171564.00432363138
2021-10-05,157.2596793026678,2021-10-06,151.05714821228594,LONG,276.60321540293813,151.05714821228594,169.6647414834315,3.101265545190929,1,-1715.6400432363125,SL,171564.00432363138,169848.36428039506
2021-10-06,157.47264509317014,2021-10-07,151.11126809551544,LONG,266.99936875776183,151.11126809551544,170.19539908847955,3.180688498827349,1,-1698.4836428039516,SL,169848.36428039506,168149.88063759112
2021-10-07,157.68561088367255,2021-10-08,151.5934310435232,LONG,276.00938424278206,151.5934310435232,169.86997056397124,3.0460899200746727,1,-1681.4988063759142,SL,168149.88063759112,166468.3818312152
2021-10-08,157.89857667417493,2021-10-11,152.1961815865578,LONG,291.92712759013244,152.1961815865578,169.3033668494092,2.8511975438085675,1,-1664.6838183121515,SL,166468.3818312152,164803.69801290304
2021-10-12,157.59860331549572,2021-10-13,152.06098778907406,LONG,297.60769274532316,152.06098778907406,168.67383436833904,2.7688077632108334,1,-1648.0369801290285,SL,164803.69801290304,163155.66103277402
2021-10-13,157.7944057603902,2021-10-14,152.39267132098436,LONG,302.04309905083096,152.39267132098436,168.59787463920185,2.700867219702915,1,-1631.5566103277395,SL,163155.66103277402,161524.10442244628
2021-10-14,157.99020820528483,2021-10-15,152.53411121532926,LONG,296.0433157984641,152.53411121532926,168.90240218519594,2.7280484949777795,1,-1615.241044224466,SL,161524.10442244628,159908.8633782218
2021-10-15,158.18601065017958,2021-10-18,153.09487176707134,LONG,314.09251849086047,153.09487176707134,168.3682884163961,2.545569441554127,1,-1599.0886337822146,SL,159908.8633782218,158309.7747444396
2021-10-18,158.38181309507422,2021-10-19,153.00972482790345,LONG,294.6894519806805,153.00972482790345,169.12598962941576,2.6860441335853826,1,-1583.0977474443966,SL,158309.7747444396,156726.6769969952
2021-10-19,158.57761553996878,2021-10-20,153.23849278126482,LONG,293.54387243015924,153.23849278126482,169.25586105737668,2.6695613793519746,1,-1567.2667699699525,SL,156726.6769969952,155159.41022702525
2021-10-20,158.77341798486327,2021-10-21,153.72106179531542,LONG,307.103071133453,153.72106179531542,168.87813036395895,2.526178094773921,1,-1551.5941022702552,SL,155159.41022702525,153607.816124755
2021-10-21,158.96922042975808,2021-10-22,154.12888232863023,LONG,317.34935228793717,154.12888232863023,168.6498966320138,2.4201690505639295,1,-1536.0781612475487,SL,153607.816124755,152071.73796350745
2021-10-22,159.16502287465255,2021-10-25,154.56842231557886,LONG,330.83522487791157,154.56842231557886,168.3582239927999,2.2983002795368392,1,-1520.7173796350792,SL,152071.73796350745,150551.02058387236
2021-11-05,152.11213392017703,2021-11-08,147.14824475135185,LONG,303.29246980247154,147.14824475135185,162.03991225782738,2.4819445844125854,1,-1505.5102058387254,SL,150551.02058387236,149045.51037803365
2021-11-08,152.1731464265138,2021-11-09,147.50283368228216,LONG,319.1338964657598,147.50283368228216,161.51377191497707,2.3351563721158164,1,-1490.4551037803378,SL,149045.51037803365,147555.0552742533
2021-11-09,152.23415893285036,2021-11-10,147.82872881769828,LONG,334.9390443551722,147.82872881769828,161.0450191631545,2.2027150575760386,1,-1475.550552742536,SL,147555.0552742533,146079.50472151078
2021-11-10,152.295171439187,2021-11-11,147.70401696302062,LONG,318.17597399486374,147.70401696302062,161.4774803915197,2.2955772380831765,1,-1460.795047215112,SL,146079.50472151078,144618.70967429568
2021-11-11,152.35618394552367,2021-11-12,147.92010518683952,LONG,326.0057306042819,147.92010518683952,161.22834146289193,2.2180393793420667,1,-1446.187096742961,SL,144618.70967429568,143172.5225775527
2021-11-12,152.41719645186038,2021-11-15,147.8099274794696,LONG,310.7535579874305,147.8099274794696,161.63173439664195,2.3036344861953895,1,-1431.725225775529,SL,143172.5225775527,141740.79735177718
2022-09-27,174.98167377912992,2022-09-28,166.0825220090843,LONG,159.2745028002263,166.0825220090843,192.7799773192212,4.449575885022816,1,-1417.4079735177697,SL,141740.79735177718,140323.3893782594
2022-09-28,175.04371025998307,2022-09-29,165.51622178014796,LONG,147.28266497015784,165.51622178014796,194.0986872196533,4.763744239917559,1,-1403.2338937825934,SL,140323.3893782594,138920.1554844768
2022-09-29,175.1057467408364,2022-09-30,164.4462002411722,LONG,130.32463950399102,164.4462002411722,196.42483974016483,5.329773249832106,1,-1389.2015548447664,SL,138920.1554844768,137530.95392963203
2022-09-30,175.1677832216896,2022-10-03,164.5919393180914,LONG,130.04253389447257,164.5919393180914,196.319471028886,5.287921951799101,1,-1375.3095392963216,SL,137530.95392963203,136155.6443903357
2022-10-03,175.22981970254284,2022-10-04,164.65308323613473,LONG,128.73124410612706,164.65308323613473,196.38329263535906,5.288368233204051,1,-1361.5564439033578,SL,136155.6443903357,134794.08794643235
2022-10-04,175.29185618339608,2022-10-05,165.13659272036332,LONG,132.73322591492646,165.13659272036332,195.60238310946156,5.077631731516372,1,-1347.940879464325,SL,134794.08794643235,133446.14706696803
2022-10-05,177.9562486126154,2022-10-06,168.00890472267156,LONG,134.1525421694466,168.00890472267156,197.85093639250312,4.973671944971929,1,-1334.4614706696796,SL,133446.14706696803,132111.68559629834
2022-10-06,178.09482497430304,2022-10-07,168.8653329376403,LONG,143.14079807589073,168.8653329376403,196.55380904762853,4.614746018331372,1,-1321.116855962984,SL,132111.68559629834,130790.56874033535
2022-10-07,178.23340133599044,2022-10-10,168.66613986100347,LONG,136.70638048544964,168.66613986100347,197.3679242859644,4.783630737493487,1,-1307.905687403352,SL,130790.56874033535,129482.663052932
2022-11-04,162.40676786685296,2022-11-07,150.32527775215726,LONG,107.17441459926522,150.32527775215726,186.56974809624433,6.040745057347844,1,-1294.826630529321,SL,129482.663052932,128187.83642240267
2022-11-07,162.46584494024037,2022-11-08,151.08101317884572,LONG,112.59528389087012,151.08101317884572,185.2355084630297,5.69241588069733,1,-1281.8783642240255,SL,128187.83642240267,126905.95805817864
2022-11-08,162.52492201362753,2022-11-09,151.62301936269014,LONG,116.40716498900923,151.62301936269014,184.3287273155023,5.450951325468697,1,-1269.0595805817857,SL,126905.95805817864,125636.89847759686
2022-11-09,162.58399908701483,2022-11-10,151.84579787721506,LONG,116.99994815047772,151.84579787721506,184.06040150661434,5.369100604899878,1,-1256.3689847759701,SL,125636.89847759686,124380.52949282089
2022-11-10,162.64307616040207,2022-11-11,150.18418963664854,LONG,99.83278140922363,150.18418963664854,187.56084920790914,6.229443261876769,1,-1243.8052949282087,SL,124380.52949282089,123136.72419789268
2022-11-11,162.70215323378955,2022-11-14,150.42280431038972,LONG,100.27952211964627,150.42280431038972,187.2608510805892,6.13967446169991,1,-1231.3672419789273,SL,123136.72419789268,121905.35695591375
2022-11-14,150.94605902658225,2022-11-29,139.55525013268652,LONG,107.02080782098123,139.55525013268652,173.7276768143737,5.695404446947859,10,-1219.053569559138,SL,121905.35695591375,120686.30338635462
2022-11-29,157.25948069018176,2022-11-30,148.67383550420482,LONG,140.56754125301282,148.67383550420482,174.43077106213568,4.292822592988476,1,-1206.8630338635448,SL,120686.30338635462,119479.44035249107
2022-12-08,145.40242127385193,2022-12-15,137.2345894467673,LONG,146.280485301247,137.2345894467673,161.73808492802118,4.083915913542316,5,-1194.7944035249102,SL,119479.44035249107,118284.64594896616
2022-12-15,143.6444139022529,2022-12-16,134.10129706017003,LONG,123.94760318490404,134.10129706017003,162.73064758641863,4.771558421041433,1,-1182.8464594896618,SL,118284.64594896616,117101.7994894765
2022-12-16,143.2928124279332,2022-12-19,133.99231403266094,LONG,125.90916584535196,133.99231403266094,161.8938092184777,4.650249197636131,1,-1171.0179948947643,SL,117101.7994894765,115930.78149458174
2022-12-19,142.94121095361336,2022-12-20,133.86149218480324,LONG,127.68102674371075,133.86149218480324,161.1006484912336,4.5398593844050605,1,-1159.3078149458179,SL,115930.78149458174,114771.47367963592
2022-12-20,142.58960947929342,2022-12-21,133.83783620793133,LONG,131.14082154664098,133.83783620793133,160.0931560220176,4.375886635681049,1,-1147.7147367963573,SL,114771.47367963592,113623.75894283956
2022-12-21,142.23800800497372,2022-12-22,133.4683463636928,LONG,129.56458708507625,133.4683463636928,159.7773312875356,4.384830820640465,1,-1136.2375894283944,SL,113623.75894283956,112487.52135341117
2022-12-22,141.88640653065386,2022-12-23,132.93311486535163,LONG,125.63817371140466,132.93311486535163,159.7929898612583,4.476645832651109,1,-1124.8752135341133,SL,112487.52135341117,111362.64613987705
2022-12-23,141.5348050563341,2022-12-27,133.04497028635265,LONG,131.17174733910682,133.04497028635265,158.514474596297,4.244917384990724,1,-1113.6264613987717,SL,111362.64613987705,110249.01967847827
2022-12-27,141.18320358201436,2022-12-28,133.0004523538419,LONG,134.73343696298724,133.0004523538419,157.5487060383593,4.091375614086238,1,-1102.4901967847811,SL,110249.01967847827,109146.52948169349
2022-12-28,140.8316021076945,2022-12-29,132.38433562065845,LONG,129.20928876720032,132.38433562065845,157.72613508176659,4.223633243518025,1,-1091.4652948169344,SL,109146.52948169349,108055.06418687655
2022-12-29,140.4800006333747,2022-12-30,131.9926336521476,LONG,127.31282201639185,131.9926336521476,157.45473459582888,4.243683490613545,1,-1080.5506418687664,SL,108055.06418687655,106974.51354500778
2022-12-30,140.128399159055,2023-01-03,132.11066915215486,LONG,133.42244432394784,132.11066915215486,156.16385917285524,4.008865003450063,1,-1069.7451354500795,SL,106974.51354500778,105904.7684095577
2023-01-03,139.77679768473502,2023-01-04,131.0601050969838,LONG,121.49650494543779,131.0601050969838,157.21018286023747,4.35834629387561,1,-1059.0476840955778,SL,105904.7684095577,104845.72072546212
2023-01-04,139.42519621041535,2023-01-05,130.92762505466587,LONG,123.38316302832376,130.92762505466587,156.42033852191435,4.248785577874746,1,-1048.45720725462,SL,104845.72072546212,103797.2635182075
2023-01-05,139.07359473609552,2023-01-06,130.91829712706436,LONG,127.2758745226695,130.91829712706436,155.38418995415782,4.077648804515574,1,-1037.9726351820755,SL,103797.2635182075,102759.29088302543
2023-01-06,138.72199326177562,2023-01-09,130.23547174379004,LONG,121.08528879028523,130.23547174379004,155.69503629774678,4.243260758992792,1,-1027.5929088302537,SL,102759.29088302543,101731.69797419518
2023-01-09,138.37039178745596,2023-01-10,130.01975104424685,LONG,121.82502050148112,130.01975104424685,155.07167327387415,4.175320371604549,1,-1017.3169797419537,SL,101731.69797419518,100714.38099445323
2023-01-10,138.01879031313598,2023-01-11,129.95667956211275,LONG,124.92309285340781,129.95667956211275,154.14301181518243,4.031055375511615,1,-1007.1438099445319,SL,100714.38099445323,99707.23718450869
2023-01-11,137.66718883881617,2023-01-12,129.87878384600072,LONG,128.02009817990356,129.87878384600072,153.2439988244471,3.8942024964077326,1,-997.072371845086,SL,99707.23718450869,98710.1648126636
2023-01-12,137.31558736449642,2023-01-13,129.82481469514312,LONG,131.77567811730907,129.82481469514312,152.297132703203,3.745386334676648,1,-987.1016481266372,SL,98710.1648126636,97723.06316453696
2023-01-13,136.96398589017667,2023-02-03,151.66081550783355,LONG,132.985229749322,129.61557108134824,151.66081550783355,3.6742074044142177,14,1954.4612632907397,TP,97723.06316453696,99677.5244278277
2023-02-03,135.13015004543013,2023-02-15,153.38107296094162,LONG,109.23011936356554,126.00468858767438,153.38107296094162,4.562730728877874,8,1993.5504885565542,TP,99677.5244278277,101671.07491638426
2023-03-09,154.75137140767328,2023-03-10,148.01729073141934,LONG,150.9798884276839,148.01729073141934,168.21953276018115,3.367040338126972,1,-1016.7107491638418,SL,101671.07491638426,100654.36416722041
2023-03-10,154.7686773815328,2023-03-13,148.05633552014638,LONG,149.95416837489606,148.05633552014638,168.19336110430567,3.3561709306932155,1,-1006.5436416722025,SL,100654.36416722041,99647.8205255482
2023-03-13,154.55663164847346,2023-05-05,169.05393701281452,LONG,137.4708168466277,147.30797896630293,169.05393701281452,3.6243263410852666,38,1992.9564105109632,TP,99647.8205255482,101640.77693605916
2023-05-24,169.86266741476553,2023-06-02,179.16960630311874,LONG,218.41934959571591,165.20919797058892,179.16960630311874,2.326734722088302,6,2032.8155387211846,TP,101640.77693605916,103673.59247478035
2023-06-02,175.46437483187617,2023-06-27,185.83497302320038,LONG,199.9375360266321,170.27907573621408,185.83497302320038,2.5926495478310487,16,2073.471849495609,TP,103673.59247478035,105747.06432427595
2023-11-16,176.9174396534032,2023-11-20,188.80852141102122,LONG,177.85945211675823,170.9718987745942,188.80852141102122,2.972770439404504,2,2114.9412864855203,TP,105747.06432427595,107862.00561076148
2023-11-20,176.52336093086822,2023-11-21,187.45661927821288,LONG,197.3099000938867,171.05673175719588,187.45661927821288,2.7333145868361672,1,2157.2401122152282,TP,107862.00561076148,110019.2457229767
2023-11-21,176.3263215696009,2023-11-22,186.74226338227405,LONG,211.25165194205596,171.11835066326432,186.74226338227405,2.603985453168286,1,2200.3849144595333,TP,110019.2457229767,112219.63063743623
2023-11-22,176.12928220833354,2023-11-24,186.36633370373656,LONG,219.24209463599695,171.01075646063202,186.36633370373656,2.559262873850757,1,2244.3926127487234,TP,112219.63063743623,114464.02325018495
2023-11-24,175.93224284706605,2023-11-27,185.8927699897159,LONG,229.83527199090304,170.95197927574114,185.8927699897159,2.490131785662461,1,2289.280465003701,TP,114464.02325018495,116753.30371518865
2023-11-27,175.7352034857988,2023-11-28,185.30283081298927,LONG,244.05905397963076,170.95138982220354,185.30283081298927,2.391906831797621,1,2335.0660743037715,TP,116753.30371518865,119088.36978949243
2023-11-28,175.53816412453125,2023-11-29,184.71772935984214,LONG,259.4640742491745,170.9483815068758,184.71772935984214,2.2948913088277254,1,2381.7673957898455,TP,119088.36978949243,121470.13718528228
2023-11-29,175.341124763264,2023-11-30,184.94517755640945,LONG,252.9559963934747,170.53909836669126,184.94517755640945,2.401013198286367,1,2429.4027437056425,TP,121470.13718528228,123899.53992898791
2024-02-02,196.99922620378206,2024-02-05,189.1835669354585,LONG,158.5273048316546,189.1835669354585,212.63054474042923,3.907829634161791,1,-1238.9953992898772,SL,123899.53992898791,122660.54452969803
2024-02-05,197.12273733233567,2024-02-06,189.44833902673923,LONG,159.8308292654678,189.44833902673923,212.47153394352856,3.837199152798221,1,-1226.6054452969802,SL,122660.54452969803,121433.93908440105
2024-02-06,197.2462484608895,2024-02-07,189.92410854928121,LONG,165.84487670316685,189.92410854928121,211.89052828410604,3.661069955804135,1,-1214.3393908440114,SL,121433.93908440105,120219.59969355704
2024-02-07,197.3697595894432,2024-02-08,190.3793250286285,LONG,171.9772907502136,190.3793250286285,211.35062871107257,3.4952172804073474,1,-1202.1959969355698,SL,120219.59969355704,119017.40369662148
2024-02-08,197.49327071799686,2024-02-09,190.85636113690475,LONG,179.32654082811348,190.85636113690475,210.76708988018112,3.3184547905460633,1,-1190.1740369662123,SL,119017.40369662148,117827.22965965526
2024-03-28,198.54384545884236,2024-04-01,191.64340265128982,LONG,170.75314287177835,191.64340265128982,212.34473107394743,3.4502214037762653,1,-1178.2722965965536,SL,117827.22965965526,116648.95736305871
2024-04-01,198.60429739026986,2024-04-02,192.094904240488,LONG,179.2009710874011,192.094904240488,211.6230836898336,3.2546965748909336,1,-1166.4895736305853,SL,116648.95736305871,115482.46778942812
2024-04-02,198.66474932169757,2024-04-03,192.54715413642893,LONG,188.77101915392103,192.54715413642893,210.89993969223485,3.058797592634319,1,-1154.8246778942816,SL,115482.46778942812,114327.64311153383
2024-04-03,198.72520125312514,2024-04-04,192.86781904877824,LONG,195.1855609263282,192.86781904877824,210.4399656618189,2.9286911021734396,1,-1143.2764311153408,SL,114327.64311153383,113184.36668041849
2024-04-04,198.78565318455273,2024-04-05,192.88928010400855,LONG,191.95591109030175,192.88928010400855,210.57839934564106,2.948186540272084,1,-1131.8436668041873,SL,113184.36668041849,112052.5230136143
2024-04-05,198.84610511598046,2024-04-08,193.32063406970636,LONG,202.79270685740508,193.32063406970636,209.89704720852868,2.7627355231370507,1,-1120.525230136144,SL,112052.5230136143,110931.99778347816
2024-04-08,198.9065570474079,2024-04-09,193.76338169076953,LONG,215.6877611421457,193.76338169076953,209.1929077606846,2.5715876783191733,1,-1109.3199778347828,SL,110931.99778347816,109822.67780564338
2024-05-09,172.55651501854663,2024-05-15,188.65937753424177,LONG,136.40143508472667,164.50508376069908,188.65937753424177,4.025715628923782,4,2196.4535561128687,TP,109822.67780564338,112019.13136175626
2024-09-27,242.3876870574954,2024-09-30,234.02723107077728,LONG,133.98686810828949,234.02723107077728,259.1085990309317,4.18022799335907,1,-1120.1913136175622,SL,112019.13136175626,110898.9400481387
2024-09-30,242.81735277571337,2024-10-01,234.19006907810973,LONG,128.54444566247727,234.19006907810973,260.07192017092063,4.31364184880182,1,-1108.9894004813877,SL,110898.9400481387,109789.95064765732
2024-10-01,243.24701849393145,2024-10-02,233.31453355588803,LONG,110.53623673481708,233.31453355588803,263.1119883700183,4.966242469021713,1,-1097.899506476572,SL,109789.95064765732,108692.05114118074
2024-10-02,243.67668421214952,2024-10-03,233.91502491973944,LONG,111.3458766438318,233.91502491973944,263.20000279696967,4.880829646205041,1,-1086.920511411808,SL,108692.05114118074,107605.13062976893
2024-10-17,235.00343973003376,2024-10-23,226.66826898833023,LONG,129.09769213411067,226.66826898833023,251.67378121344083,4.167585370851765,4,-1076.05130629769,SL,107605.13062976893,106529.07932347123
2024-10-23,236.05465342774576,2024-10-24,227.13894840821143,LONG,119.48475088629073,227.13894840821143,253.88606346681445,4.45785250976717,1,-1065.2907932347111,SL,106529.07932347123,105463.78853023652
2024-10-24,236.17904576912085,2024-10-31,227.81303043641225,LONG,126.06215066078694,227.81303043641225,252.91107643453805,4.1830076663543005,5,-1054.637885302365,SL,105463.78853023652,104409.15064493415
2024-10-31,236.8010074759964,2024-11-01,228.98987137889088,LONG,133.66704836140752,228.98987137889088,252.42327967020748,3.9055680485527677,1,-1044.091506449341,SL,104409.15064493415,103365.05913848481
2024-11-01,236.92539981737158,2024-11-04,228.6601685056185,LONG,125.06009237938757,228.6601685056185,253.45586244087775,4.1326156558765454,1,-1033.6505913848491,SL,103365.05913848481,102331.40854709996
2024-11-04,237.04979215874664,2024-11-05,229.03802630203663,LONG,127.72640935505554,229.03802630203663,253.07332387216667,4.005882928355003,1,-1023.3140854710005,SL,102331.40854709996,101308.09446162895
2024-11-05,237.17418450012175,2024-11-06,229.4855149849561,LONG,131.76284175279233,229.4855149849561,252.55152353045304,3.8443347575828226,1,-1013.0809446162909,SL,101308.09446162895,100295.01351701266
2024-11-06,237.2985768414969,2024-11-07,229.34101150007186,LONG,126.0373106770515,229.34101150007186,253.213707524347,3.978782670712526,1,-1002.9501351701249,SL,100295.01351701266,99292.06338184254
2024-11-07,237.4229691828721,2024-11-08,229.1581089642989,LONG,120.13761970070398,229.1581089642989,253.9526896200185,4.132430109286605,1,-992.9206338184248,SL,99292.06338184254,98299.14274802411
2024-11-08,237.54736152424712,2024-11-11,229.7871841110861,LONG,126.67125700156261,229.7871841110861,253.06771635056916,3.8800887065805107,1,-982.9914274802405,SL,98299.14274802411,97316.15132054387
2024-11-11,237.67175386562224,2024-11-12,229.4968263487234,LONG,119.04221917488134,229.4968263487234,254.0216088994199,4.087463758449414,1,-973.1615132054394,SL,97316.15132054387,96342.98980733842
2024-11-12,237.7961462069974,2024-11-13,230.119220864372,LONG,125.4968434724815,230.119220864372,253.14999689224817,3.838462671312692,1,-963.4298980733856,SL,96342.98980733842,95379.55990926504
2024-11-13,237.92053854837252,2024-11-14,230.23454056998398,LONG,124.09521857467696,230.23454056998398,253.29253450514958,3.842998989194267,1,-953.7955990926514,SL,95379.55990926504,94425.76431017238
2024-11-14,238.04493088974783,2024-11-15,230.3563804346415,LONG,122.81348072244207,230.3563804346415,253.42203179996048,3.8442752275531626,1,-944.2576431017254,SL,94425.76431017238,93481.50666707066
2024-11-15,238.1693232311228,2024-11-18,230.45732234455227,LONG,121.21563267693186,230.45732234455227,253.59332500426387,3.8560004432852666,1,-934.815066670707,SL,93481.50666707066,92546.69160039995
2024-11-18,238.29371557249794,2024-11-19,230.3516706057163,LONG,116.52753413948811,230.3516706057163,254.17780550606125,3.971022483390829,1,-925.4669160039986,SL,92546.69160039995,91621.22468439596
2024-11-19,238.418107913873,2024-11-20,230.60587115668838,LONG,117.27911932537809,230.60587115668838,254.04258142824224,3.9061183785923093,1,-916.21224684396,SL,91621.22468439596,90705.012437552
2024-11-20,238.5425002552481,2024-11-21,230.69941410983557,LONG,115.64964448414989,230.69941410983557,254.22867254607314,3.9215430727062626,1,-907.0501243755187,SL,90705.012437552,89797.96231317648
2024-11-21,238.66689259662334,2024-11-22,230.68822832271889,LONG,112.5476135233255,230.68822832271889,254.62422114443228,3.9893321369522354,1,-897.9796231317632,SL,89797.96231317648,88899.98269004472
2024-11-22,238.79128493799837,2024-11-25,231.17030193708797,LONG,116.6515955742519,231.17030193708797,254.03325093981914,3.8104915004551945,1,-888.9998269004485,SL,88899.98269004472,88010.98286314428
2024-11-25,232.43048330259595,2024-12-11,247.50375573496072,LONG,116.77753886298821,224.89384708641356,247.50375573496072,3.7683181080911923,11,1760.2196572628864,TP,88010.98286314428,89771.20252040717
2024-12-11,232.23753142051726,2024-12-12,246.46983627529139,LONG,126.15132044518288,225.12137899313018,246.46983627529139,3.558076213693533,1,1795.4240504081429,TP,89771.20252040717,91566.62657081531
2024-12-12,232.21999034032834,2024-12-13,246.1793135749757,LONG,131.19063873174713,225.24032872300467,246.1793135749757,3.489830808661841,1,1831.3325314163071,TP,91566.62657081531,93397.95910223162
2024-12-13,232.2024492601392,2024-12-16,245.91986563272914,LONG,136.17427154702233,225.34374107384423,245.91986563272914,3.429354093147485,1,1867.9591820446342,TP,93397.95910223162,95265.91828427625
2024-12-16,232.18490817995047,2024-12-17,246.05371811796573,LONG,137.38153267663793,225.25050321094284,246.05371811796573,3.4672024845038165,1,1905.3183656855244,TP,95265.91828427625,97171.23664996178
2024-12-17,232.16736709976158,2024-12-18,246.33727883664434,LONG,137.15150588699217,225.0824112313202,246.33727883664434,3.542477934220691,1,1943.4247329992363,TP,97171.23664996178,99114.66138296101
2024-12-18,232.14982601957252,2024-12-19,247.90270824229688,LONG,125.83685954305294,224.27338490821035,247.90270824229688,3.938220555681089,1,1982.2932276592217,TP,99114.66138296101,101096.95461062023
2024-12-19,232.13228493938354,2024-12-20,248.39166124874123,LONG,124.35526761556818,224.0025967847047,248.39166124874123,4.064844077339422,1,2021.939092212405,TP,101096.95461062023,103118.89370283263
2024-12-20,232.11474385919456,2024-12-23,251.14917950249054,LONG,108.34983041816801,222.59752603754657,251.14917950249054,4.758608910823996,1,2062.377874056652,TP,103118.89370283263,105181.27157688928
2024-12-23,232.09720277900558,2024-12-24,249.76176266076138,LONG,119.08733903472108,223.2649228381277,249.76176266076138,4.41613997043895,1,2103.6254315377846,TP,105181.27157688928,107284.89700842707
2024-12-24,232.07966169881664,2024-12-26,248.94986046635483,LONG,127.18865792484408,223.64456231504755,248.94986046635483,4.217549691884548,1,2145.697940168542,TP,107284.89700842707,109430.59494859561
2024-12-26,241.10966110338347,2024-12-27,257.0419027653311,LONG,137.3699913301698,233.14354027240967,257.0419027653311,3.9830604154869,1,2188.611898971914,TP,109430.59494859561,111619.20684756752
2024-12-27,241.23727549383096,2025-01-10,232.75113258734,LONG,131.53114209541684,232.75113258734,258.2095613068129,4.243071453245476,8,-1116.1920684756753,SL,111619.20684756752,110503.01477909184
2025-01-10,259.0528592782732,2025-01-13,249.0194174388182,LONG,110.13470406989892,249.0194174388182,279.11974295718323,5.016720919727499,1,-1105.0301477909195,SL,110503.01477909184,109397.98463130092
2025-01-13,259.39033218272186,2025-01-14,248.80191280240652,LONG,103.31852253102085,248.80191280240652,280.56717094335255,5.2942096901576745,1,-1093.9798463130087,SL,109397.98463130092,108304.0047849879
2025-01-14,259.7278050871702,2025-01-15,249.58222559560957,LONG,106.7499445202492,249.58222559560957,280.01896407029153,5.072789745780333,1,-1083.0400478498777,SL,108304.0047849879,107220.96473713803
2025-01-15,260.06527799161876,2025-01-16,249.76459179892305,LONG,104.09108940059674,249.76459179892305,280.66665037701017,5.150343096347848,1,-1072.2096473713814,SL,107220.96473713803,106148.75508976665
2025-01-16,260.40275089606723,2025-01-17,248.82613944782992,LONG,91.69242274770244,248.82613944782992,283.55597379254186,5.7883057241186515,1,-1061.4875508976677,SL,106148.75508976665,105087.26753886898
2025-01-17,262.08496660251234,2025-01-21,250.98208160664038,LONG,94.64861392146314,250.98208160664038,284.29073659425626,5.551442497935974,1,-1050.872675388691,SL,105087.26753886898,104036.3948634803
2025-04-02,239.31294907255673,2025-04-03,228.01796539311295,LONG,92.10849507717349,228.01796539311295,261.9029164314443,5.647491839721893,1,-1040.3639486348031,SL,104036.3948634803,102996.0309148455
2025-04-03,239.04065458920414,2025-04-04,223.2349015028406,LONG,65.1636339958427,223.2349015028406,270.6521607619312,7.902876543181771,1,-1029.9603091484557,SL,102996.0309148455,101966.07060569704
2025-04-04,238.76836010585146,2025-04-07,220.85778193924438,LONG,56.93064157795031,220.85778193924438,274.5895164390656,8.955289083303542,1,-1019.6607060569702,SL,101966.07060569704,100946.40989964007
2025-04-07,238.49606562249875,2025-04-08,217.78331308000162,LONG,48.73635683742394,217.78331308000162,279.92157070749306,10.356376271248571,1,-1009.4640989964,SL,100946.40989964007,99936.94580064368
2025-04-08,238.2237711391463,2025-04-09,214.65725775329716,LONG,42.406334855054254,214.65725775329716,285.35679791084453,11.783256692924567,1,-999.3694580064368,SL,99936.94580064368,98937.57634263724
2025-04-09,237.95147665579353,2025-04-10,209.89459792382954,LONG,35.26321558710018,209.89459792382954,294.06523411972154,14.028439365982,1,-989.375763426372,SL,98937.57634263724,97948.20057921087
2025-04-10,237.67918217244105,2025-04-11,209.15095728569304,LONG,34.33378731696342,209.15095728569304,294.73563194593703,14.264112443374001,1,-979.4820057921088,SL,97948.20057921087,96968.71857341877
2025-04-11,237.40688768908842,2025-04-14,209.10001089643515,LONG,34.2562407303747,209.10001089643515,294.02064127439496,14.15343839632664,1,-969.6871857341873,SL,96968.71857341877,95999.03138768458
2025-04-14,237.1345932057358,2025-04-15,208.67140089818128,LONG,33.72742956952342,208.67140089818128,294.0609778208448,14.231596153777257,1,-959.990313876846,SL,95999.03138768458,95039.04107380773
2025-05-14,212.11418724251368,2025-05-22,199.42188462806965,LONG,74.87927443965276,199.42188462806965,237.49879247140177,6.346151307222019,6,-950.3904107380769,SL,95039.04107380773,94088.65066306965
2025-05-22,209.76051366877198,2025-05-23,199.28317898383858,LONG,89.8020856376487,199.28317898383858,230.71518303863877,5.238667342466702,1,-940.886506630696,SL,94088.65066306965,93147.76415643896
2025-05-23,209.24827130708488,2025-05-27,198.0656815553467,LONG,83.29713082961004,198.0656815553467,231.61345081056118,5.591294875869078,1,-931.4776415643903,SL,93147.76415643896,92216.28651487458
2025-05-27,208.7360289453978,2025-05-30,197.58885210357056,LONG,82.72613579507778,197.58885210357056,231.03038262905227,5.573588420913616,3,-922.1628651487471,SL,92216.28651487458,91294.12364972584
2025-05-30,207.19930186033645,2025-06-13,196.77650521102635,LONG,87.59081340780905,196.77650521102635,228.04489515895665,5.21139832465505,10,-912.9412364972584,SL,91294.12364972584,90381.18241322858
2025-06-13,200.70221791494328,2025-08-07,218.71788969494125,LONG,100.33617787550382,191.69438202494428,218.71788969494125,4.503917944999495,37,1807.623648264571,TP,90381.18241322858,92188.80606149316
2025-08-07,204.73899186984352,2025-08-08,227.75727005982824,LONG,80.10052298490736,193.22985277485117,227.75727005982824,5.754569547496182,1,1843.7761212298633,TP,92188.80606149316,94032.58218272302
2025-08-08,204.43287965726705,2025-08-13,230.63555468157423,LONG,71.77326902348157,191.33154214511347,230.63555468157423,6.550668756076794,3,1880.6516436544612,TP,94032.58218272302,95913.23382637749
2025-08-13,216.323583395135,2025-09-05,239.87453285327715,LONG,81.45169178580002,204.5481086660639,239.87453285327715,5.887737364535541,16,1918.264676527549,TP,95913.23382637749,97831.49850290503
2025-09-05,224.5354733107496,2025-09-19,241.75687471997648,LONG,113.61618741490909,215.92477260613617,241.75687471997648,4.30535035230672,10,1956.6299700580998,TP,97831.49850290503,99788.12847296313
2025-09-19,238.231550121513,2025-10-01,258.2335669927299,LONG,99.77806649744349,228.23054168590457,258.2335669927299,5.000504217804216,8,1995.7625694592646,TP,99788.12847296313,101783.8910424224
2025-10-01,240.63633600375678,2025-10-03,258.716750248204,LONG,112.59022018666631,231.5961288815332,258.716750248204,4.5201035611117995,2,2035.6778208484498,TP,101783.8910424224,103819.56886327085
2025-10-03,241.23753247431765,2025-10-20,259.49748092295414,LONG,113.7128827666796,232.10755824999939,259.49748092295414,4.564987112159129,11,2076.3913772654146,TP,103819.56886327085,105895.96024053627
