Date,Equity
2015-11-16,100000.0
2015-11-17,100000.0
2015-11-18,100000.0
2015-11-19,100000.0
2015-11-20,100000.0
2015-11-23,100000.0
2015-11-24,100000.0
2015-11-25,100000.0
2015-11-27,100000.0
2015-11-30,100000.0
2015-12-01,100000.0
2015-12-02,100000.0
2015-12-03,100000.0
2015-12-04,100000.0
2015-12-07,100000.0
2015-12-08,100000.0
2015-12-09,100000.0
2015-12-10,100000.0
2015-12-11,100000.0
2015-12-14,100000.0
2015-12-15,100000.0
2015-12-16,100000.0
2015-12-17,100000.0
2015-12-18,100000.0
2015-12-21,100000.0
2015-12-22,100000.0
2015-12-23,100000.0
2015-12-24,100000.0
2015-12-28,100000.0
2015-12-29,100000.0
2015-12-30,100000.0
2015-12-31,100000.0
2016-01-04,100000.0
2016-01-05,100000.0
2016-01-06,100000.0
2016-01-07,100000.0
2016-01-08,100000.0
2016-01-11,100000.0
2016-01-12,100000.0
2016-01-13,100000.0
2016-01-14,100000.0
2016-01-15,100000.0
2016-01-19,100000.0
2016-01-20,100000.0
2016-01-21,100000.0
2016-01-22,100000.0
2016-01-25,100000.0
2016-01-26,100000.0
2016-01-27,100000.0
2016-01-28,100000.0
2016-01-29,100000.0
2016-02-01,100000.0
2016-02-02,100000.0
2016-02-03,100000.0
2016-02-04,100000.0
2016-02-05,100000.0
2016-02-08,100000.0
2016-02-09,100000.0
2016-02-10,100000.0
2016-02-11,100000.0
2016-02-12,100000.0
2016-02-16,100000.0
2016-02-17,100000.0
2016-02-18,100000.0
2016-02-19,100000.0
2016-02-22,100000.0
2016-02-23,100000.0
2016-02-24,100000.0
2016-02-25,100000.0
2016-02-26,100000.0
2016-02-29,100000.0
2016-03-01,100000.0
2016-03-02,100000.0
2016-03-03,100000.0
2016-03-04,100000.0
2016-03-07,100000.0
2016-03-08,100000.0
2016-03-09,100000.0
2016-03-10,100000.0
2016-03-11,100000.0
2016-03-14,100000.0
2016-03-15,100000.0
2016-03-16,100000.0
2016-03-17,100000.0
2016-03-18,100000.0
2016-03-21,100000.0
2016-03-22,100000.0
2016-03-23,100000.0
2016-03-24,100000.0
2016-03-28,100000.0
2016-03-29,100000.0
2016-03-30,100000.0
2016-03-31,100000.0
2016-04-01,100000.0
2016-04-04,100000.0
2016-04-05,100000.0
2016-04-06,100000.0
2016-04-07,100000.0
2016-04-08,100000.0
2016-04-11,100000.0
2016-04-12,100000.0
2016-04-13,100000.0
2016-04-14,100000.0
2016-04-15,100000.0
2016-04-18,100000.0
2016-04-19,100000.0
2016-04-20,100000.0
2016-04-21,100000.0
2016-04-22,100000.0
2016-04-25,100000.0
2016-04-26,100000.0
2016-04-27,100000.0
2016-04-28,100000.0
2016-04-29,100000.0
2016-05-02,100000.0
2016-05-03,100000.0
2016-05-04,100000.0
2016-05-05,100000.0
2016-05-06,100000.0
2016-05-09,100000.0
2016-05-10,100000.0
2016-05-11,100000.0
2016-05-12,100000.0
2016-05-13,100000.0
2016-05-16,100000.0
2016-05-17,100000.0
2016-05-18,100000.0
2016-05-19,100000.0
2016-05-20,100000.0
2016-05-23,100000.0
2016-05-24,100000.0
2016-05-25,100000.0
2016-05-26,100000.0
2016-05-27,100000.0
2016-05-31,100000.0
2016-06-01,100000.0
2016-06-02,100000.0
2016-06-03,100000.0
2016-06-06,100000.0
2016-06-07,100000.0
2016-06-08,100000.0
2016-06-09,100000.0
2016-06-10,100000.0
2016-06-13,100000.0
2016-06-14,99000.0
2016-06-15,99000.0
2016-06-16,99000.0
2016-06-17,99000.0
2016-06-20,99000.0
2016-06-21,99000.0
2016-06-22,99000.0
2016-06-23,99000.0
2016-06-24,99000.0
2016-06-27,99000.0
2016-06-28,99000.0
2016-06-29,99000.0
2016-06-30,99000.0
2016-07-01,99000.0
2016-07-05,99000.0
2016-07-06,99000.0
2016-07-07,99000.0
2016-07-08,99000.0
2016-07-11,99000.0
2016-07-12,99000.0
2016-07-13,99000.0
2016-07-14,99000.0
2016-07-15,99000.0
2016-07-18,99000.0
2016-07-19,99000.0
2016-07-20,99000.0
2016-07-21,99000.0
2016-07-22,99000.0
2016-07-25,99000.0
2016-07-26,99000.0
2016-07-27,99000.0
2016-07-28,99000.0
2016-07-29,99000.0
2016-08-01,99000.0
2016-08-02,99000.0
2016-08-03,99000.0
2016-08-04,99000.0
2016-08-05,100980.0
2016-08-08,102999.6
2016-08-09,105059.592
2016-08-10,107160.78384
2016-08-11,109303.9995168
2016-08-12,111490.079507136
2016-08-15,113719.88109727873
2016-08-16,115994.27871922431
2016-08-17,118314.1642936088
2016-08-18,120680.44757948098
2016-08-19,123094.0565310706
2016-08-22,125555.937661692
2016-08-23,128067.05641492584
2016-08-24,128067.05641492584
2016-08-25,128067.05641492584
2016-08-26,128067.05641492584
2016-08-29,128067.05641492584
2016-08-30,128067.05641492584
2016-08-31,128067.05641492584
2016-09-01,128067.05641492584
2016-09-02,128067.05641492584
2016-09-06,128067.05641492584
2016-09-07,128067.05641492584
2016-09-08,128067.05641492584
2016-09-09,128067.05641492584
2016-09-12,126786.38585077658
2016-09-13,126786.38585077658
2016-09-14,129322.11356779211
2016-09-15,131908.55583914794
2016-09-16,131908.55583914794
2016-09-19,131908.55583914794
2016-09-20,131908.55583914794
2016-09-21,131908.55583914794
2016-09-22,131908.55583914794
2016-09-23,131908.55583914794
2016-09-26,131908.55583914794
2016-09-27,131908.55583914794
2016-09-28,131908.55583914794
2016-09-29,131908.55583914794
2016-09-30,131908.55583914794
2016-10-03,131908.55583914794
2016-10-04,131908.55583914794
2016-10-05,131908.55583914794
2016-10-06,131908.55583914794
2016-10-07,131908.55583914794
2016-10-10,131908.55583914794
2016-10-11,134546.7269559309
2016-10-12,134546.7269559309
2016-10-13,134546.7269559309
2016-10-14,134546.7269559309
2016-10-17,134546.7269559309
2016-10-18,134546.7269559309
2016-10-19,133201.2596863716
2016-10-20,133201.2596863716
2016-10-21,133201.2596863716
2016-10-24,133201.2596863716
2016-10-25,133201.2596863716
2016-10-26,131869.24708950787
2016-10-27,130550.55461861279
2016-10-28,129245.04907242666
2016-10-31,127952.59858170239
2016-11-01,126673.07259588537
2016-11-02,125406.34186992652
2016-11-03,124152.27845122725
2016-11-04,122910.75566671498
2016-11-07,121681.64811004783
2016-11-08,120464.83162894734
2016-11-09,120464.83162894734
2016-11-10,120464.83162894734
2016-11-11,120464.83162894734
2016-11-14,120464.83162894734
2016-11-15,119260.18331265787
2016-11-16,118067.58147953129
2016-11-17,116886.90566473598
2016-11-18,115718.03660808862
2016-11-21,114560.85624200774
2016-11-22,114560.85624200774
2016-11-23,114560.85624200774
2016-11-25,114560.85624200774
2016-11-28,114560.85624200774
2016-11-29,114560.85624200774
2016-11-30,114560.85624200774
2016-12-01,114560.85624200774
2016-12-02,114560.85624200774
2016-12-05,114560.85624200774
2016-12-06,113415.24767958766
2016-12-07,112281.09520279178
2016-12-08,111158.28425076387
2016-12-09,111158.28425076387
2016-12-12,111158.28425076387
2016-12-13,111158.28425076387
2016-12-14,111158.28425076387
2016-12-15,111158.28425076387
2016-12-16,111158.28425076387
2016-12-19,111158.28425076387
2016-12-20,111158.28425076387
2016-12-21,111158.28425076387
2016-12-22,111158.28425076387
2016-12-23,111158.28425076387
2016-12-27,111158.28425076387
2016-12-28,111158.28425076387
2016-12-29,111158.28425076387
2016-12-30,111158.28425076387
2017-01-03,111158.28425076387
2017-01-04,111158.28425076387
2017-01-05,111158.28425076387
2017-01-06,111158.28425076387
2017-01-09,111158.28425076387
2017-01-10,111158.28425076387
2017-01-11,111158.28425076387
2017-01-12,111158.28425076387
2017-01-13,111158.28425076387
2017-01-17,111158.28425076387
2017-01-18,111158.28425076387
2017-01-19,111158.28425076387
2017-01-20,111158.28425076387
2017-01-23,111158.28425076387
2017-01-24,111158.28425076387
2017-01-25,111158.28425076387
2017-01-26,111158.28425076387
2017-01-27,111158.28425076387
2017-01-30,111158.28425076387
2017-01-31,111158.28425076387
2017-02-01,113381.44993577915
2017-02-02,115649.07893449474
2017-02-03,117962.06051318464
2017-02-06,120321.30172344833
2017-02-07,122727.7277579173
2017-02-08,125182.28231307564
2017-02-09,127685.92795933716
2017-02-10,130239.6465185239
2017-02-13,132844.43944889438
2017-02-14,135501.32823787228
2017-02-15,138211.35480262974
2017-02-16,140975.58189868234
2017-02-17,143795.093536656
2017-02-21,146670.99540738913
2017-02-22,149604.4153155369
2017-02-23,152596.50362184763
2017-02-24,155648.43369428458
2017-02-27,158761.40236817027
2017-02-28,161936.63041553367
2017-03-01,165175.36302384434
2017-03-02,168478.87028432122
2017-03-03,171848.44769000766
2017-03-06,175285.4166438078
2017-03-07,178791.12497668396
2017-03-08,178791.12497668396
2017-03-09,178791.12497668396
2017-03-10,178791.12497668396
2017-03-13,178791.12497668396
2017-03-14,178791.12497668396
2017-03-15,182366.94747621764
2017-03-16,182366.94747621764
2017-03-17,182366.94747621764
2017-03-20,186014.286425742
2017-03-21,189734.57215425684
2017-03-22,189734.57215425684
2017-03-23,189734.57215425684
2017-03-24,189734.57215425684
2017-03-27,189734.57215425684
2017-03-28,193529.26359734198
2017-03-29,193529.26359734198
2017-03-30,193529.26359734198
2017-03-31,193529.26359734198
2017-04-03,193529.26359734198
2017-04-04,193529.26359734198
2017-04-05,193529.26359734198
2017-04-06,193529.26359734198
2017-04-07,193529.26359734198
2017-04-10,193529.26359734198
2017-04-11,193529.26359734198
2017-04-12,193529.26359734198
2017-04-13,193529.26359734198
2017-04-17,193529.26359734198
2017-04-18,193529.26359734198
2017-04-19,193529.26359734198
2017-04-20,193529.26359734198
2017-04-21,193529.26359734198
2017-04-24,193529.26359734198
2017-04-25,193529.26359734198
2017-04-26,193529.26359734198
2017-04-27,193529.26359734198
2017-04-28,193529.26359734198
2017-05-01,193529.26359734198
2017-05-02,193529.26359734198
2017-05-03,193529.26359734198
2017-05-04,193529.26359734198
2017-05-05,197399.8488692888
2017-05-08,197399.8488692888
2017-05-09,197399.8488692888
2017-05-10,197399.8488692888
2017-05-11,197399.8488692888
2017-05-12,197399.8488692888
2017-05-15,197399.8488692888
2017-05-16,197399.8488692888
2017-05-17,197399.8488692888
2017-05-18,197399.8488692888
2017-05-19,197399.8488692888
2017-05-22,197399.8488692888
2017-05-23,197399.8488692888
2017-05-24,197399.8488692888
2017-05-25,197399.8488692888
2017-05-26,197399.8488692888
2017-05-30,197399.8488692888
2017-05-31,197399.8488692888
2017-06-01,197399.8488692888
2017-06-02,197399.8488692888
2017-06-05,197399.8488692888
2017-06-06,197399.8488692888
2017-06-07,197399.8488692888
2017-06-08,197399.8488692888
2017-06-09,197399.8488692888
2017-06-12,197399.8488692888
2017-06-13,197399.8488692888
2017-06-14,197399.8488692888
2017-06-15,195425.85038059592
2017-06-16,193471.59187678996
2017-06-19,191536.87595802205
2017-06-20,191536.87595802205
2017-06-21,191536.87595802205
2017-06-22,191536.87595802205
2017-06-23,191536.87595802205
2017-06-26,191536.87595802205
2017-06-27,191536.87595802205
2017-06-28,191536.87595802205
2017-06-29,191536.87595802205
2017-06-30,191536.87595802205
2017-07-03,191536.87595802205
2017-07-05,191536.87595802205
2017-07-06,191536.87595802205
2017-07-07,191536.87595802205
2017-07-10,191536.87595802205
2017-07-11,191536.87595802205
2017-07-12,191536.87595802205
2017-07-13,191536.87595802205
2017-07-14,191536.87595802205
2017-07-17,191536.87595802205
2017-07-18,191536.87595802205
2017-07-19,191536.87595802205
2017-07-20,191536.87595802205
2017-07-21,191536.87595802205
2017-07-24,191536.87595802205
2017-07-25,191536.87595802205
2017-07-26,191536.87595802205
2017-07-27,191536.87595802205
2017-07-28,191536.87595802205
2017-07-31,191536.87595802205
2017-08-01,191536.87595802205
2017-08-02,191536.87595802205
2017-08-03,191536.87595802205
2017-08-04,191536.87595802205
2017-08-07,191536.87595802205
2017-08-08,191536.87595802205
2017-08-09,191536.87595802205
2017-08-10,191536.87595802205
2017-08-11,191536.87595802205
2017-08-14,191536.87595802205
2017-08-15,191536.87595802205
2017-08-16,191536.87595802205
2017-08-17,191536.87595802205
2017-08-18,191536.87595802205
2017-08-21,191536.87595802205
2017-08-22,191536.87595802205
2017-08-23,191536.87595802205
2017-08-24,191536.87595802205
2017-08-25,191536.87595802205
2017-08-28,191536.87595802205
2017-08-29,191536.87595802205
2017-08-30,191536.87595802205
2017-08-31,191536.87595802205
2017-09-01,191536.87595802205
2017-09-05,191536.87595802205
2017-09-06,191536.87595802205
2017-09-07,191536.87595802205
2017-09-08,191536.87595802205
2017-09-11,191536.87595802205
2017-09-12,191536.87595802205
2017-09-13,191536.87595802205
2017-09-14,191536.87595802205
2017-09-15,191536.87595802205
2017-09-18,191536.87595802205
2017-09-19,191536.87595802205
2017-09-20,191536.87595802205
2017-09-21,191536.87595802205
2017-09-22,191536.87595802205
2017-09-25,191536.87595802205
2017-09-26,191536.87595802205
2017-09-27,191536.87595802205
2017-09-28,191536.87595802205
2017-09-29,191536.87595802205
2017-10-02,191536.87595802205
2017-10-03,191536.87595802205
2017-10-04,191536.87595802205
2017-10-05,191536.87595802205
2017-10-06,191536.87595802205
2017-10-09,191536.87595802205
2017-10-10,191536.87595802205
2017-10-11,191536.87595802205
2017-10-12,191536.87595802205
2017-10-13,191536.87595802205
2017-10-16,191536.87595802205
2017-10-17,191536.87595802205
2017-10-18,191536.87595802205
2017-10-19,191536.87595802205
2017-10-20,191536.87595802205
2017-10-23,191536.87595802205
2017-10-24,191536.87595802205
2017-10-25,191536.87595802205
2017-10-26,191536.87595802205
2017-10-27,191536.87595802205
2017-10-30,191536.87595802205
2017-10-31,191536.87595802205
2017-11-01,191536.87595802205
2017-11-02,191536.87595802205
2017-11-03,191536.87595802205
2017-11-06,191536.87595802205
2017-11-07,191536.87595802205
2017-11-08,191536.87595802205
2017-11-09,191536.87595802205
2017-11-10,191536.87595802205
2017-11-13,191536.87595802205
2017-11-14,191536.87595802205
2017-11-15,191536.87595802205
2017-11-16,191536.87595802205
2017-11-17,191536.87595802205
2017-11-20,191536.87595802205
2017-11-21,191536.87595802205
2017-11-22,191536.87595802205
2017-11-24,191536.87595802205
2017-11-27,191536.87595802205
2017-11-28,191536.87595802205
2017-11-29,191536.87595802205
2017-11-30,191536.87595802205
2017-12-01,191536.87595802205
2017-12-04,191536.87595802205
2017-12-05,191536.87595802205
2017-12-06,191536.87595802205
2017-12-07,191536.87595802205
2017-12-08,191536.87595802205
2017-12-11,191536.87595802205
2017-12-12,191536.87595802205
2017-12-13,191536.87595802205
2017-12-14,191536.87595802205
2017-12-15,191536.87595802205
2017-12-18,195367.6134771825
2017-12-19,195367.6134771825
2017-12-20,195367.6134771825
2017-12-21,195367.6134771825
2017-12-22,195367.6134771825
2017-12-26,193413.93734241065
2017-12-27,191479.79796898653
2017-12-28,189564.99998929666
2017-12-29,187669.34998940368
2018-01-02,185792.65648950962
2018-01-03,183934.72992461454
2018-01-04,182095.3826253684
2018-01-05,180274.4287991147
2018-01-08,178471.68451112357
2018-01-09,176686.96766601235
2018-01-10,174920.09798935222
2018-01-11,173170.89700945868
2018-01-12,171439.1880393641
2018-01-16,169724.79615897045
2018-01-17,168027.54819738073
2018-01-18,168027.54819738073
2018-01-19,168027.54819738073
2018-01-22,168027.54819738073
2018-01-23,168027.54819738073
2018-01-24,166347.27271540693
2018-01-25,164683.79998825287
2018-01-26,163036.96198837034
2018-01-29,161406.59236848663
2018-01-30,159792.52644480177
2018-01-31,158194.60118035375
2018-02-01,158194.60118035375
2018-02-02,158194.60118035375
2018-02-05,158194.60118035375
2018-02-06,156612.6551685502
2018-02-07,155046.5286168647
2018-02-08,153496.06333069605
2018-02-09,151961.10269738908
2018-02-12,150441.49167041518
2018-02-13,148937.07675371104
2018-02-14,147447.70598617394
2018-02-15,145973.2289263122
2018-02-16,144513.49663704907
2018-02-20,144513.49663704907
2018-02-21,144513.49663704907
2018-02-22,144513.49663704907
2018-02-23,144513.49663704907
2018-02-26,144513.49663704907
2018-02-27,144513.49663704907
2018-02-28,144513.49663704907
2018-03-01,144513.49663704907
2018-03-02,144513.49663704907
2018-03-05,144513.49663704907
2018-03-06,144513.49663704907
2018-03-07,144513.49663704907
2018-03-08,144513.49663704907
2018-03-09,144513.49663704907
2018-03-12,144513.49663704907
2018-03-13,144513.49663704907
2018-03-14,144513.49663704907
2018-03-15,144513.49663704907
2018-03-16,144513.49663704907
2018-03-19,144513.49663704907
2018-03-20,144513.49663704907
2018-03-21,144513.49663704907
2018-03-22,144513.49663704907
2018-03-23,144513.49663704907
2018-03-26,144513.49663704907
2018-03-27,144513.49663704907
2018-03-28,144513.49663704907
2018-03-29,144513.49663704907
2018-04-02,144513.49663704907
2018-04-03,144513.49663704907
2018-04-04,144513.49663704907
2018-04-05,144513.49663704907
2018-04-06,144513.49663704907
2018-04-09,144513.49663704907
2018-04-10,144513.49663704907
2018-04-11,144513.49663704907
2018-04-12,144513.49663704907
2018-04-13,144513.49663704907
2018-04-16,144513.49663704907
2018-04-17,144513.49663704907
2018-04-18,144513.49663704907
2018-04-19,144513.49663704907
2018-04-20,144513.49663704907
2018-04-23,144513.49663704907
2018-04-24,144513.49663704907
2018-04-25,144513.49663704907
2018-04-26,144513.49663704907
2018-04-27,144513.49663704907
2018-04-30,144513.49663704907
2018-05-01,144513.49663704907
2018-05-02,144513.49663704907
2018-05-03,144513.49663704907
2018-05-04,144513.49663704907
2018-05-07,144513.49663704907
2018-05-08,144513.49663704907
2018-05-09,144513.49663704907
2018-05-10,144513.49663704907
2018-05-11,144513.49663704907
2018-05-14,144513.49663704907
2018-05-15,144513.49663704907
2018-05-16,144513.49663704907
2018-05-17,144513.49663704907
2018-05-18,144513.49663704907
2018-05-21,144513.49663704907
2018-05-22,144513.49663704907
2018-05-23,144513.49663704907
2018-05-24,144513.49663704907
2018-05-25,144513.49663704907
2018-05-29,144513.49663704907
2018-05-30,144513.49663704907
2018-05-31,144513.49663704907
2018-06-01,144513.49663704907
2018-06-04,144513.49663704907
2018-06-05,144513.49663704907
2018-06-06,144513.49663704907
2018-06-07,144513.49663704907
2018-06-08,144513.49663704907
2018-06-11,144513.49663704907
2018-06-12,144513.49663704907
2018-06-13,144513.49663704907
2018-06-14,144513.49663704907
2018-06-15,144513.49663704907
2018-06-18,143068.3616706786
2018-06-19,141637.67805397182
2018-06-20,140221.3012734321
2018-06-21,138819.08826069778
2018-06-22,137430.8973780908
2018-06-25,136056.58840430988
2018-06-26,134696.02252026676
2018-06-27,133349.0622950641
2018-06-28,132015.57167211347
2018-06-29,130695.41595539234
2018-07-02,129388.46179583842
2018-07-03,128094.57717788004
2018-07-05,126813.63140610124
2018-07-06,125545.49509204022
2018-07-09,124290.04014111983
2018-07-10,124290.04014111983
2018-07-11,123047.13973970863
2018-07-12,121816.66834231155
2018-07-13,120598.50165888843
2018-07-16,119392.51664229955
2018-07-17,118198.59147587656
2018-07-18,117016.60556111779
2018-07-19,115846.43950550661
2018-07-20,114687.97511045155
2018-07-23,113541.09535934703
2018-07-24,113541.09535934703
2018-07-25,113541.09535934703
2018-07-26,113541.09535934703
2018-07-27,112405.68440575356
2018-07-30,111281.62756169602
2018-07-31,110168.81128607906
2018-08-01,110168.81128607906
2018-08-02,112372.18751180064
2018-08-03,112372.18751180064
2018-08-06,112372.18751180064
2018-08-07,112372.18751180064
2018-08-08,112372.18751180064
2018-08-09,112372.18751180064
2018-08-10,112372.18751180064
2018-08-13,112372.18751180064
2018-08-14,112372.18751180064
2018-08-15,112372.18751180064
2018-08-16,112372.18751180064
2018-08-17,114619.63126203665
2018-08-20,116912.02388727739
2018-08-21,119250.26436502294
2018-08-22,121635.2696523234
2018-08-23,124067.97504536988
2018-08-24,126549.33454627727
2018-08-27,129080.3212372028
2018-08-28,129080.3212372028
2018-08-29,129080.3212372028
2018-08-30,129080.3212372028
2018-08-31,129080.3212372028
2018-09-04,129080.3212372028
2018-09-05,129080.3212372028
2018-09-06,129080.3212372028
2018-09-07,129080.3212372028
2018-09-10,129080.3212372028
2018-09-11,129080.3212372028
2018-09-12,129080.3212372028
2018-09-13,129080.3212372028
2018-09-14,129080.3212372028
2018-09-17,129080.3212372028
2018-09-18,129080.3212372028
2018-09-19,127789.51802483077
2018-09-20,127789.51802483077
2018-09-21,126511.62284458247
2018-09-24,125246.50661613664
2018-09-25,123994.04154997527
2018-09-26,122754.10113447552
2018-09-27,122754.10113447552
2018-09-28,122754.10113447552
2018-10-01,122754.10113447552
2018-10-02,122754.10113447552
2018-10-03,122754.10113447552
2018-10-04,122754.10113447552
2018-10-05,121526.56012313077
2018-10-08,120311.29452189946
2018-10-09,119108.18157668046
2018-10-10,117917.09976091365
2018-10-11,116737.92876330452
2018-10-12,115570.54947567148
2018-10-15,114414.84398091477
2018-10-16,113270.69554110561
2018-10-17,112137.98858569456
2018-10-18,111016.60869983761
2018-10-19,111016.60869983761
2018-10-22,111016.60869983761
2018-10-23,111016.60869983761
2018-10-24,111016.60869983761
2018-10-25,111016.60869983761
2018-10-26,111016.60869983761
2018-10-29,111016.60869983761
2018-10-30,111016.60869983761
2018-10-31,111016.60869983761
2018-11-01,111016.60869983761
2018-11-02,111016.60869983761
2018-11-05,111016.60869983761
2018-11-06,111016.60869983761
2018-11-07,111016.60869983761
2018-11-08,111016.60869983761
2018-11-09,111016.60869983761
2018-11-12,111016.60869983761
2018-11-13,111016.60869983761
2018-11-14,111016.60869983761
2018-11-15,111016.60869983761
2018-11-16,111016.60869983761
2018-11-19,111016.60869983761
2018-11-20,111016.60869983761
2018-11-21,111016.60869983761
2018-11-23,111016.60869983761
2018-11-26,111016.60869983761
2018-11-27,111016.60869983761
2018-11-28,111016.60869983761
2018-11-29,111016.60869983761
2018-11-30,111016.60869983761
2018-12-03,111016.60869983761
2018-12-04,111016.60869983761
2018-12-06,111016.60869983761
2018-12-07,111016.60869983761
2018-12-10,111016.60869983761
2018-12-11,111016.60869983761
2018-12-12,111016.60869983761
2018-12-13,111016.60869983761
2018-12-14,111016.60869983761
2018-12-17,111016.60869983761
2018-12-18,111016.60869983761
2018-12-19,111016.60869983761
2018-12-20,111016.60869983761
2018-12-21,111016.60869983761
2018-12-24,111016.60869983761
2018-12-26,111016.60869983761
2018-12-27,111016.60869983761
2018-12-28,111016.60869983761
2018-12-31,111016.60869983761
2019-01-02,111016.60869983761
2019-01-03,111016.60869983761
2019-01-04,111016.60869983761
2019-01-07,111016.60869983761
2019-01-08,111016.60869983761
2019-01-09,111016.60869983761
2019-01-10,111016.60869983761
2019-01-11,111016.60869983761
2019-01-14,111016.60869983761
2019-01-15,111016.60869983761
2019-01-16,111016.60869983761
2019-01-17,111016.60869983761
2019-01-18,111016.60869983761
2019-01-22,111016.60869983761
2019-01-23,111016.60869983761
2019-01-24,111016.60869983761
2019-01-25,111016.60869983761
2019-01-28,111016.60869983761
2019-01-29,111016.60869983761
2019-01-30,111016.60869983761
2019-01-31,111016.60869983761
2019-02-01,111016.60869983761
2019-02-04,111016.60869983761
2019-02-05,111016.60869983761
2019-02-06,111016.60869983761
2019-02-07,111016.60869983761
2019-02-08,111016.60869983761
2019-02-11,111016.60869983761
2019-02-12,111016.60869983761
2019-02-13,111016.60869983761
2019-02-14,111016.60869983761
2019-02-15,111016.60869983761
2019-02-19,111016.60869983761
2019-02-20,111016.60869983761
2019-02-21,111016.60869983761
2019-02-22,111016.60869983761
2019-02-25,111016.60869983761
2019-02-26,111016.60869983761
2019-02-27,111016.60869983761
2019-02-28,111016.60869983761
2019-03-01,111016.60869983761
2019-03-04,111016.60869983761
2019-03-05,111016.60869983761
2019-03-06,111016.60869983761
2019-03-07,111016.60869983761
2019-03-08,111016.60869983761
2019-03-11,111016.60869983761
2019-03-12,111016.60869983761
2019-03-13,111016.60869983761
2019-03-14,111016.60869983761
2019-03-15,111016.60869983761
2019-03-18,113236.94087383436
2019-03-19,115501.67969131104
2019-03-20,117811.71328513726
2019-03-21,120167.94755084
2019-03-22,120167.94755084
2019-03-25,120167.94755084
2019-03-26,120167.94755084
2019-03-27,120167.94755084
2019-03-28,120167.94755084
2019-03-29,120167.94755084
2019-04-01,120167.94755084
2019-04-02,120167.94755084
2019-04-03,120167.94755084
2019-04-04,120167.94755084
2019-04-05,120167.94755084
2019-04-08,122571.3065018568
2019-04-09,125022.73263189393
2019-04-10,127523.18728453181
2019-04-11,130073.65103022245
2019-04-12,132675.12405082688
2019-04-15,135328.62653184342
2019-04-16,138035.1990624803
2019-04-17,140795.90304372992
2019-04-18,143611.82110460452
2019-04-22,146484.05752669662
2019-04-23,146484.05752669662
2019-04-24,146484.05752669662
2019-04-25,146484.05752669662
2019-04-26,146484.05752669662
2019-04-29,146484.05752669662
2019-04-30,146484.05752669662
2019-05-01,146484.05752669662
2019-05-02,146484.05752669662
2019-05-03,146484.05752669662
2019-05-06,146484.05752669662
2019-05-07,146484.05752669662
2019-05-08,146484.05752669662
2019-05-09,146484.05752669662
2019-05-10,146484.05752669662
2019-05-13,146484.05752669662
2019-05-14,146484.05752669662
2019-05-15,145019.21695142964
2019-05-16,143569.02478191533
2019-05-17,142133.33453409618
2019-05-20,140712.0011887552
2019-05-21,139304.88117686767
2019-05-22,139304.88117686767
2019-05-23,139304.88117686767
2019-05-24,139304.88117686767
2019-05-28,139304.88117686767
2019-05-29,139304.88117686767
2019-05-30,139304.88117686767
2019-05-31,139304.88117686767
2019-06-03,139304.88117686767
2019-06-04,139304.88117686767
2019-06-05,139304.88117686767
2019-06-06,139304.88117686767
2019-06-07,139304.88117686767
2019-06-10,139304.88117686767
2019-06-11,139304.88117686767
2019-06-12,139304.88117686767
2019-06-13,139304.88117686767
2019-06-14,139304.88117686767
2019-06-17,139304.88117686767
2019-06-18,139304.88117686767
2019-06-19,139304.88117686767
2019-06-20,139304.88117686767
2019-06-21,139304.88117686767
2019-06-24,139304.88117686767
2019-06-25,139304.88117686767
2019-06-26,139304.88117686767
2019-06-27,139304.88117686767
2019-06-28,139304.88117686767
2019-07-01,139304.88117686767
2019-07-02,139304.88117686767
2019-07-03,139304.88117686767
2019-07-05,139304.88117686767
2019-07-08,139304.88117686767
2019-07-09,139304.88117686767
2019-07-10,139304.88117686767
2019-07-11,139304.88117686767
2019-07-12,139304.88117686767
2019-07-15,139304.88117686767
2019-07-16,139304.88117686767
2019-07-17,139304.88117686767
2019-07-18,139304.88117686767
2019-07-19,139304.88117686767
2019-07-22,139304.88117686767
2019-07-23,139304.88117686767
2019-07-24,139304.88117686767
2019-07-25,139304.88117686767
2019-07-26,139304.88117686767
2019-07-29,139304.88117686767
2019-07-30,139304.88117686767
2019-07-31,139304.88117686767
2019-08-01,139304.88117686767
2019-08-02,139304.88117686767
2019-08-05,139304.88117686767
2019-08-06,139304.88117686767
2019-08-07,139304.88117686767
2019-08-08,139304.88117686767
2019-08-09,139304.88117686767
2019-08-12,139304.88117686767
2019-08-13,137911.832365099
2019-08-14,136532.714041448
2019-08-15,135167.38690103352
2019-08-16,133815.7130320232
2019-08-19,133815.7130320232
2019-08-20,133815.7130320232
2019-08-21,133815.7130320232
2019-08-22,133815.7130320232
2019-08-23,132477.55590170296
2019-08-26,131152.78034268593
2019-08-27,129841.25253925908
2019-08-28,128542.84001386649
2019-08-29,127257.41161372782
2019-08-30,125984.83749759055
2019-09-03,124724.98912261464
2019-09-04,124724.98912261464
2019-09-05,124724.98912261464
2019-09-06,124724.98912261464
2019-09-09,124724.98912261464
2019-09-10,124724.98912261464
2019-09-11,124724.98912261464
2019-09-12,124724.98912261464
2019-09-13,124724.98912261464
2019-09-16,124724.98912261464
2019-09-17,124724.98912261464
2019-09-18,124724.98912261464
2019-09-19,124724.98912261464
2019-09-20,124724.98912261464
2019-09-23,124724.98912261464
2019-09-24,124724.98912261464
2019-09-25,124724.98912261464
2019-09-26,124724.98912261464
2019-09-27,124724.98912261464
2019-09-30,124724.98912261464
2019-10-01,124724.98912261464
2019-10-02,124724.98912261464
2019-10-03,124724.98912261464
2019-10-04,124724.98912261464
2019-10-07,124724.98912261464
2019-10-08,124724.98912261464
2019-10-09,124724.98912261464
2019-10-10,124724.98912261464
2019-10-11,127219.48890506693
2019-10-14,127219.48890506693
2019-10-15,127219.48890506693
2019-10-16,127219.48890506693
2019-10-17,127219.48890506693
2019-10-18,127219.48890506693
2019-10-21,127219.48890506693
2019-10-22,129763.87868316827
2019-10-23,129763.87868316827
2019-10-24,129763.87868316827
2019-10-25,129763.87868316827
2019-10-28,129763.87868316827
2019-10-29,129763.87868316827
2019-10-30,129763.87868316827
2019-10-31,129763.87868316827
2019-11-01,132359.15625683163
2019-11-04,132359.15625683163
2019-11-05,132359.15625683163
2019-11-06,132359.15625683163
2019-11-07,135006.33938196825
2019-11-08,137706.46616960762
2019-11-11,140460.59549299977
2019-11-12,143269.80740285976
2019-11-13,146135.20355091695
2019-11-14,149057.9076219353
2019-11-15,152039.065774374
2019-11-18,155079.8470898615
2019-11-19,158181.44403165873
2019-11-20,161345.0729122919
2019-11-21,164571.97437053773
2019-11-22,167863.4138579485
2019-11-25,171220.68213510746
2019-11-26,174645.09577780962
2019-11-27,174645.09577780962
2019-11-29,174645.09577780962
2019-12-02,174645.09577780962
2019-12-03,174645.09577780962
2019-12-04,174645.09577780962
2019-12-05,174645.09577780962
2019-12-06,174645.09577780962
2019-12-09,174645.09577780962
2019-12-10,174645.09577780962
2019-12-11,174645.09577780962
2019-12-12,174645.09577780962
2019-12-13,174645.09577780962
2019-12-16,174645.09577780962
2019-12-17,174645.09577780962
2019-12-18,174645.09577780962
2019-12-19,174645.09577780962
2019-12-20,174645.09577780962
2019-12-23,174645.09577780962
2019-12-24,174645.09577780962
2019-12-26,174645.09577780962
2019-12-27,178137.99769336582
2019-12-30,178137.99769336582
2019-12-31,178137.99769336582
2020-01-02,181700.75764723314
2020-01-03,181700.75764723314
2020-01-06,181700.75764723314
2020-01-07,181700.75764723314
2020-01-08,185334.7728001778
2020-01-09,189041.46825618134
2020-01-10,192822.29762130496
2020-01-13,196678.74357373104
2020-01-14,200612.31844520566
2020-01-15,200612.31844520566
2020-01-16,200612.31844520566
2020-01-17,200612.31844520566
2020-01-21,200612.31844520566
2020-01-22,200612.31844520566
2020-01-23,200612.31844520566
2020-01-24,200612.31844520566
2020-01-27,200612.31844520566
2020-01-28,200612.31844520566
2020-01-29,204624.56481410976
2020-01-30,204624.56481410976
2020-01-31,204624.56481410976
2020-02-03,204624.56481410976
2020-02-04,204624.56481410976
2020-02-05,204624.56481410976
2020-02-06,204624.56481410976
2020-02-07,204624.56481410976
2020-02-10,204624.56481410976
2020-02-11,204624.56481410976
2020-02-12,204624.56481410976
2020-02-13,204624.56481410976
2020-02-14,204624.56481410976
2020-02-18,204624.56481410976
2020-02-19,204624.56481410976
2020-02-20,204624.56481410976
2020-02-21,202578.31916596866
2020-02-24,200552.53597430896
2020-02-25,198547.01061456586
2020-02-26,196561.5405084202
2020-02-27,194595.925103336
2020-02-28,194595.925103336
2020-03-02,194595.925103336
2020-03-03,194595.925103336
2020-03-04,194595.925103336
2020-03-05,194595.925103336
2020-03-06,194595.925103336
2020-03-09,194595.925103336
2020-03-10,194595.925103336
2020-03-11,194595.925103336
2020-03-12,194595.925103336
2020-03-13,194595.925103336
2020-03-16,194595.925103336
2020-03-17,194595.925103336
2020-03-18,194595.925103336
2020-03-19,194595.925103336
2020-03-20,194595.925103336
2020-03-23,194595.925103336
2020-03-24,194595.925103336
2020-03-25,194595.925103336
2020-03-26,194595.925103336
2020-03-27,194595.925103336
2020-03-30,194595.925103336
2020-03-31,194595.925103336
2020-04-01,194595.925103336
2020-04-02,194595.925103336
2020-04-03,194595.925103336
2020-04-06,194595.925103336
2020-04-07,194595.925103336
2020-04-08,194595.925103336
2020-04-09,194595.925103336
2020-04-13,194595.925103336
2020-04-14,194595.925103336
2020-04-15,194595.925103336
2020-04-16,194595.925103336
2020-04-17,194595.925103336
2020-04-20,194595.925103336
2020-04-21,194595.925103336
2020-04-22,194595.925103336
2020-04-23,194595.925103336
2020-04-24,194595.925103336
2020-04-27,194595.925103336
2020-04-28,194595.925103336
2020-04-29,194595.925103336
2020-04-30,194595.925103336
2020-05-01,194595.925103336
2020-05-04,194595.925103336
2020-05-05,194595.925103336
2020-05-06,194595.925103336
2020-05-07,194595.925103336
2020-05-08,198487.8436054027
2020-05-11,202457.60047751077
2020-05-12,206506.752487061
2020-05-13,210636.8875368022
2020-05-14,214849.62528753825
2020-05-15,219146.617793289
2020-05-18,223529.5501491548
2020-05-19,228000.1411521379
2020-05-20,228000.1411521379
2020-05-21,228000.1411521379
2020-05-22,228000.1411521379
2020-05-26,228000.1411521379
2020-05-27,228000.1411521379
2020-05-28,228000.1411521379
2020-05-29,228000.1411521379
2020-06-01,228000.1411521379
2020-06-02,228000.1411521379
2020-06-03,228000.1411521379
2020-06-04,228000.1411521379
2020-06-05,228000.1411521379
2020-06-08,228000.1411521379
2020-06-09,228000.1411521379
2020-06-10,228000.1411521379
2020-06-11,228000.1411521379
2020-06-12,228000.1411521379
2020-06-15,228000.1411521379
2020-06-16,228000.1411521379
2020-06-17,228000.1411521379
2020-06-18,228000.1411521379
2020-06-19,228000.1411521379
2020-06-22,228000.1411521379
2020-06-23,228000.1411521379
2020-06-24,228000.1411521379
2020-06-25,228000.1411521379
2020-06-26,228000.1411521379
2020-06-29,228000.1411521379
2020-06-30,228000.1411521379
2020-07-01,228000.1411521379
2020-07-02,228000.1411521379
2020-07-06,228000.1411521379
2020-07-07,228000.1411521379
2020-07-08,228000.1411521379
2020-07-09,228000.1411521379
2020-07-10,228000.1411521379
2020-07-13,228000.1411521379
2020-07-14,228000.1411521379
2020-07-15,228000.1411521379
2020-07-16,228000.1411521379
2020-07-17,228000.1411521379
2020-07-20,228000.1411521379
2020-07-21,228000.1411521379
2020-07-22,228000.1411521379
2020-07-23,228000.1411521379
2020-07-24,228000.1411521379
2020-07-27,228000.1411521379
2020-07-28,228000.1411521379
2020-07-29,228000.1411521379
2020-07-30,228000.1411521379
2020-07-31,228000.1411521379
2020-08-03,228000.1411521379
2020-08-04,228000.1411521379
2020-08-05,228000.1411521379
2020-08-06,228000.1411521379
2020-08-07,228000.1411521379
2020-08-10,228000.1411521379
2020-08-11,228000.1411521379
2020-08-12,228000.1411521379
2020-08-13,232560.14397518066
2020-08-14,232560.14397518066
2020-08-17,232560.14397518066
2020-08-18,232560.14397518066
2020-08-19,237211.34685468426
2020-08-20,237211.34685468426
2020-08-21,237211.34685468426
2020-08-24,237211.34685468426
2020-08-25,237211.34685468426
2020-08-26,237211.34685468426
2020-08-27,237211.34685468426
2020-08-28,237211.34685468426
2020-08-31,237211.34685468426
2020-09-01,237211.34685468426
2020-09-02,237211.34685468426
2020-09-03,237211.34685468426
2020-09-04,237211.34685468426
2020-09-08,237211.34685468426
2020-09-09,237211.34685468426
2020-09-10,237211.34685468426
2020-09-11,237211.34685468426
2020-09-14,237211.34685468426
2020-09-15,237211.34685468426
2020-09-16,237211.34685468426
2020-09-17,237211.34685468426
2020-09-18,237211.34685468426
2020-09-21,237211.34685468426
2020-09-22,237211.34685468426
2020-09-23,237211.34685468426
2020-09-24,237211.34685468426
2020-09-25,237211.34685468426
2020-09-28,237211.34685468426
2020-09-29,237211.34685468426
2020-09-30,237211.34685468426
2020-10-01,237211.34685468426
2020-10-02,237211.34685468426
2020-10-05,237211.34685468426
2020-10-06,237211.34685468426
2020-10-07,237211.34685468426
2020-10-08,237211.34685468426
2020-10-09,237211.34685468426
2020-10-12,237211.34685468426
2020-10-13,237211.34685468426
2020-10-14,237211.34685468426
2020-10-15,237211.34685468426
2020-10-16,237211.34685468426
2020-10-19,237211.34685468426
2020-10-20,237211.34685468426
2020-10-21,237211.34685468426
2020-10-22,237211.34685468426
2020-10-23,237211.34685468426
2020-10-26,237211.34685468426
2020-10-27,237211.34685468426
2020-10-28,237211.34685468426
2020-10-29,237211.34685468426
2020-10-30,237211.34685468426
2020-11-02,237211.34685468426
2020-11-03,237211.34685468426
2020-11-04,237211.34685468426
2020-11-05,237211.34685468426
2020-11-06,237211.34685468426
2020-11-09,237211.34685468426
2020-11-10,237211.34685468426
2020-11-11,237211.34685468426
2020-11-12,237211.34685468426
2020-11-13,237211.34685468426
2020-11-16,237211.34685468426
2020-11-17,237211.34685468426
2020-11-18,237211.34685468426
2020-11-19,237211.34685468426
2020-11-20,237211.34685468426
2020-11-23,237211.34685468426
2020-11-24,237211.34685468426
2020-11-25,237211.34685468426
2020-11-27,237211.34685468426
2020-11-30,237211.34685468426
2020-12-01,237211.34685468426
2020-12-02,237211.34685468426
2020-12-03,237211.34685468426
2020-12-04,237211.34685468426
2020-12-07,237211.34685468426
2020-12-08,237211.34685468426
2020-12-09,237211.34685468426
2020-12-10,237211.34685468426
2020-12-11,237211.34685468426
2020-12-14,237211.34685468426
2020-12-15,237211.34685468426
2020-12-16,237211.34685468426
2020-12-17,237211.34685468426
2020-12-18,237211.34685468426
2020-12-21,237211.34685468426
2020-12-22,237211.34685468426
2020-12-23,237211.34685468426
2020-12-24,237211.34685468426
2020-12-28,237211.34685468426
2020-12-29,237211.34685468426
2020-12-30,237211.34685468426
2020-12-31,237211.34685468426
2021-01-04,234839.23338613744
2021-01-05,239536.01805386017
2021-01-06,244326.73841493737
2021-01-07,244326.73841493737
2021-01-08,244326.73841493737
2021-01-11,244326.73841493737
2021-01-12,244326.73841493737
2021-01-13,244326.73841493737
2021-01-14,244326.73841493737
2021-01-15,244326.73841493737
2021-01-19,244326.73841493737
2021-01-20,244326.73841493737
2021-01-21,244326.73841493737
2021-01-22,244326.73841493737
2021-01-25,244326.73841493737
2021-01-26,244326.73841493737
2021-01-27,244326.73841493737
2021-01-28,244326.73841493737
2021-01-29,244326.73841493737
2021-02-01,244326.73841493737
2021-02-02,244326.73841493737
2021-02-03,244326.73841493737
2021-02-04,244326.73841493737
2021-02-05,244326.73841493737
2021-02-08,244326.73841493737
2021-02-09,244326.73841493737
2021-02-10,244326.73841493737
2021-02-11,244326.73841493737
2021-02-12,244326.73841493737
2021-02-16,244326.73841493737
2021-02-17,244326.73841493737
2021-02-18,244326.73841493737
2021-02-19,244326.73841493737
2021-02-22,244326.73841493737
2021-02-23,241883.471030788
2021-02-24,241883.471030788
2021-02-25,241883.471030788
2021-02-26,241883.471030788
2021-03-01,241883.471030788
2021-03-02,241883.471030788
2021-03-03,241883.471030788
2021-03-04,241883.471030788
2021-03-05,241883.471030788
2021-03-08,241883.471030788
2021-03-09,241883.471030788
2021-03-10,241883.471030788
2021-03-11,241883.471030788
2021-03-12,241883.471030788
2021-03-15,241883.471030788
2021-03-16,241883.471030788
2021-03-17,241883.471030788
2021-03-18,241883.471030788
2021-03-19,241883.471030788
2021-03-22,241883.471030788
2021-03-23,241883.471030788
2021-03-24,241883.471030788
2021-03-25,241883.471030788
2021-03-26,241883.471030788
2021-03-29,241883.471030788
2021-03-30,241883.471030788
2021-03-31,241883.471030788
2021-04-01,241883.471030788
2021-04-05,241883.471030788
2021-04-06,241883.471030788
2021-04-07,241883.471030788
2021-04-08,241883.471030788
2021-04-09,241883.471030788
2021-04-12,241883.471030788
2021-04-13,241883.471030788
2021-04-14,241883.471030788
2021-04-15,241883.471030788
2021-04-16,241883.471030788
2021-04-19,241883.471030788
2021-04-20,241883.471030788
2021-04-21,241883.471030788
2021-04-22,241883.471030788
2021-04-23,241883.471030788
2021-04-26,241883.471030788
2021-04-27,241883.471030788
2021-04-28,241883.471030788
2021-04-29,241883.471030788
2021-04-30,239464.63632048012
2021-05-03,239464.63632048012
2021-05-04,237069.9899572753
2021-05-05,234699.29005770254
2021-05-06,232352.29715712552
2021-05-07,230028.77418555427
2021-05-10,227728.48644369873
2021-05-11,225451.20157926175
2021-05-12,223196.68956346912
2021-05-13,220964.72266783443
2021-05-14,218755.07544115608
2021-05-17,216567.52468674452
2021-05-18,214401.84943987709
2021-05-19,212257.83094547832
2021-05-20,210135.25263602354
2021-05-21,208033.9001096633
2021-05-24,205953.56110856665
2021-05-25,203894.025497481
2021-05-26,201855.08524250617
2021-05-27,199836.5343900811
2021-05-28,197838.1690461803
2021-06-01,195859.7873557185
2021-06-02,193901.1894821613
2021-06-03,191962.1775873397
2021-06-04,190042.55581146633
2021-06-07,188142.13025335167
2021-06-08,186260.70895081817
2021-06-09,184398.10186131
2021-06-10,182554.1208426969
2021-06-11,180728.57963426993
2021-06-14,178921.29383792722
2021-06-15,177132.08089954796
2021-06-16,177132.08089954796
2021-06-17,177132.08089954796
2021-06-18,177132.08089954796
2021-06-21,177132.08089954796
2021-06-22,177132.08089954796
2021-06-23,177132.08089954796
2021-06-24,177132.08089954796
2021-06-25,177132.08089954796
2021-06-28,177132.08089954796
2021-06-29,177132.08089954796
2021-06-30,177132.08089954796
2021-07-01,177132.08089954796
2021-07-02,180674.7225175389
2021-07-06,184288.2169678897
2021-07-07,187973.98130724748
2021-07-08,191733.46093339243
2021-07-09,195568.13015206027
2021-07-12,195568.13015206027
2021-07-13,195568.13015206027
2021-07-14,195568.13015206027
2021-07-15,195568.13015206027
2021-07-16,195568.13015206027
2021-07-19,195568.13015206027
2021-07-20,195568.13015206027
2021-07-21,195568.13015206027
2021-07-22,199479.49275510147
2021-07-23,199479.49275510147
2021-07-26,199479.49275510147
2021-07-27,199479.49275510147
2021-07-28,199479.49275510147
2021-07-29,199479.49275510147
2021-07-30,199479.49275510147
2021-08-02,199479.49275510147
2021-08-03,199479.49275510147
2021-08-04,199479.49275510147
2021-08-05,199479.49275510147
2021-08-06,199479.49275510147
2021-08-09,199479.49275510147
2021-08-10,199479.49275510147
2021-08-11,199479.49275510147
2021-08-12,199479.49275510147
2021-08-13,199479.49275510147
2021-08-16,199479.49275510147
2021-08-17,199479.49275510147
2021-08-18,199479.49275510147
2021-08-19,199479.49275510147
2021-08-20,199479.49275510147
2021-08-23,199479.49275510147
2021-08-24,199479.49275510147
2021-08-25,199479.49275510147
2021-08-26,199479.49275510147
2021-08-27,197484.69782755044
2021-08-30,195509.85084927492
2021-08-31,195509.85084927492
2021-09-01,195509.85084927492
2021-09-02,195509.85084927492
2021-09-03,195509.85084927492
2021-09-07,195509.85084927492
2021-09-08,195509.85084927492
2021-09-09,195509.85084927492
2021-09-10,193554.75234078217
2021-09-13,191619.20481737435
2021-09-14,189703.0127692006
2021-09-15,187805.9826415086
2021-09-16,185927.9228150935
2021-09-17,184068.64358694258
2021-09-20,182227.95715107315
2021-09-21,180405.6775795624
2021-09-22,178601.6208037668
2021-09-23,176815.60459572912
2021-09-24,175047.44854977183
2021-09-27,173296.9740642741
2021-09-28,173296.9740642741
2021-09-29,173296.9740642741
2021-09-30,173296.9740642741
2021-10-01,173296.9740642741
2021-10-04,173296.9740642741
2021-10-05,171564.00432363138
2021-10-06,169848.36428039506
2021-10-07,168149.88063759112
2021-10-08,166468.3818312152
2021-10-11,164803.69801290304
2021-10-12,164803.69801290304
2021-10-13,163155.66103277402
2021-10-14,161524.10442244628
2021-10-15,159908.8633782218
2021-10-18,158309.7747444396
2021-10-19,156726.6769969952
2021-10-20,155159.41022702525
2021-10-21,153607.816124755
2021-10-22,152071.73796350745
2021-10-25,150551.02058387236
2021-10-26,150551.02058387236
2021-10-27,150551.02058387236
2021-10-28,150551.02058387236
2021-10-29,150551.02058387236
2021-11-01,150551.02058387236
2021-11-02,150551.02058387236
2021-11-03,150551.02058387236
2021-11-04,150551.02058387236
2021-11-05,150551.02058387236
2021-11-08,149045.51037803365
2021-11-09,147555.0552742533
2021-11-10,146079.50472151078
2021-11-11,144618.70967429568
2021-11-12,143172.5225775527
2021-11-15,141740.79735177718
2021-11-16,141740.79735177718
2021-11-17,141740.79735177718
2021-11-18,141740.79735177718
2021-11-19,141740.79735177718
2021-11-22,141740.79735177718
2021-11-23,141740.79735177718
2021-11-24,141740.79735177718
2021-11-26,141740.79735177718
2021-11-29,141740.79735177718
2021-11-30,141740.79735177718
2021-12-01,141740.79735177718
2021-12-02,141740.79735177718
2021-12-03,141740.79735177718
2021-12-06,141740.79735177718
2021-12-07,141740.79735177718
2021-12-08,141740.79735177718
2021-12-09,141740.79735177718
2021-12-10,141740.79735177718
2021-12-13,141740.79735177718
2021-12-14,141740.79735177718
2021-12-15,141740.79735177718
2021-12-16,141740.79735177718
2021-12-17,141740.79735177718
2021-12-20,141740.79735177718
2021-12-21,141740.79735177718
2021-12-22,141740.79735177718
2021-12-23,141740.79735177718
2021-12-27,141740.79735177718
2021-12-28,141740.79735177718
2021-12-29,141740.79735177718
2021-12-30,141740.79735177718
2021-12-31,141740.79735177718
2022-01-03,141740.79735177718
2022-01-04,141740.79735177718
2022-01-05,141740.79735177718
2022-01-06,141740.79735177718
2022-01-07,141740.79735177718
2022-01-10,141740.79735177718
2022-01-11,141740.79735177718
2022-01-12,141740.79735177718
2022-01-13,141740.79735177718
2022-01-14,141740.79735177718
2022-01-18,141740.79735177718
2022-01-19,141740.79735177718
2022-01-20,141740.79735177718
2022-01-21,141740.79735177718
2022-01-24,141740.79735177718
2022-01-25,141740.79735177718
2022-01-26,141740.79735177718
2022-01-27,141740.79735177718
2022-01-28,141740.79735177718
2022-01-31,141740.79735177718
2022-02-01,141740.79735177718
2022-02-02,141740.79735177718
2022-02-03,141740.79735177718
2022-02-04,141740.79735177718
2022-02-07,141740.79735177718
2022-02-08,141740.79735177718
2022-02-09,141740.79735177718
2022-02-10,141740.79735177718
2022-02-11,141740.79735177718
2022-02-14,141740.79735177718
2022-02-15,141740.79735177718
2022-02-16,141740.79735177718
2022-02-17,141740.79735177718
2022-02-18,141740.79735177718
2022-02-22,141740.79735177718
2022-02-23,141740.79735177718
2022-02-24,141740.79735177718
2022-02-25,141740.79735177718
2022-02-28,141740.79735177718
2022-03-01,141740.79735177718
2022-03-02,141740.79735177718
2022-03-03,141740.79735177718
2022-03-04,141740.79735177718
2022-03-07,141740.79735177718
2022-03-08,141740.79735177718
2022-03-09,141740.79735177718
2022-03-10,141740.79735177718
2022-03-11,141740.79735177718
2022-03-14,141740.79735177718
2022-03-15,141740.79735177718
2022-03-16,141740.79735177718
2022-03-17,141740.79735177718
2022-03-18,141740.79735177718
2022-03-21,141740.79735177718
2022-03-22,141740.79735177718
2022-03-23,141740.79735177718
2022-03-24,141740.79735177718
2022-03-25,141740.79735177718
2022-03-28,141740.79735177718
2022-03-29,141740.79735177718
2022-03-30,141740.79735177718
2022-03-31,141740.79735177718
2022-04-01,141740.79735177718
2022-04-04,141740.79735177718
2022-04-05,141740.79735177718
2022-04-06,141740.79735177718
2022-04-07,141740.79735177718
2022-04-08,141740.79735177718
2022-04-11,141740.79735177718
2022-04-12,141740.79735177718
2022-04-13,141740.79735177718
2022-04-14,141740.79735177718
2022-04-18,141740.79735177718
2022-04-19,141740.79735177718
2022-04-20,141740.79735177718
2022-04-21,141740.79735177718
2022-04-22,141740.79735177718
2022-04-25,141740.79735177718
2022-04-26,141740.79735177718
2022-04-27,141740.79735177718
2022-04-28,141740.79735177718
2022-04-29,141740.79735177718
2022-05-02,141740.79735177718
2022-05-03,141740.79735177718
2022-05-04,141740.79735177718
2022-05-05,141740.79735177718
2022-05-06,141740.79735177718
2022-05-09,141740.79735177718
2022-05-10,141740.79735177718
2022-05-11,141740.79735177718
2022-05-12,141740.79735177718
2022-05-13,141740.79735177718
2022-05-16,141740.79735177718
2022-05-17,141740.79735177718
2022-05-18,141740.79735177718
2022-05-19,141740.79735177718
2022-05-20,141740.79735177718
2022-05-23,141740.79735177718
2022-05-24,141740.79735177718
2022-05-25,141740.79735177718
2022-05-26,141740.79735177718
2022-05-27,141740.79735177718
2022-05-31,141740.79735177718
2022-06-01,141740.79735177718
2022-06-02,141740.79735177718
2022-06-03,141740.79735177718
2022-06-06,141740.79735177718
2022-06-07,141740.79735177718
2022-06-08,141740.79735177718
2022-06-09,141740.79735177718
2022-06-10,141740.79735177718
2022-06-13,141740.79735177718
2022-06-14,141740.79735177718
2022-06-15,141740.79735177718
2022-06-16,141740.79735177718
2022-06-17,141740.79735177718
2022-06-21,141740.79735177718
2022-06-22,141740.79735177718
2022-06-23,141740.79735177718
2022-06-24,141740.79735177718
2022-06-27,141740.79735177718
2022-06-28,141740.79735177718
2022-06-29,141740.79735177718
2022-06-30,141740.79735177718
2022-07-01,141740.79735177718
2022-07-05,141740.79735177718
2022-07-06,141740.79735177718
2022-07-07,141740.79735177718
2022-07-08,141740.79735177718
2022-07-11,141740.79735177718
2022-07-12,141740.79735177718
2022-07-13,141740.79735177718
2022-07-14,141740.79735177718
2022-07-15,141740.79735177718
2022-07-18,141740.79735177718
2022-07-19,141740.79735177718
2022-07-20,141740.79735177718
2022-07-21,141740.79735177718
2022-07-22,141740.79735177718
2022-07-25,141740.79735177718
2022-07-26,141740.79735177718
2022-07-27,141740.79735177718
2022-07-28,141740.79735177718
2022-07-29,141740.79735177718
2022-08-01,141740.79735177718
2022-08-02,141740.79735177718
2022-08-03,141740.79735177718
2022-08-04,141740.79735177718
2022-08-05,141740.79735177718
2022-08-08,141740.79735177718
2022-08-09,141740.79735177718
2022-08-10,141740.79735177718
2022-08-11,141740.79735177718
2022-08-12,141740.79735177718
2022-08-15,141740.79735177718
2022-08-16,141740.79735177718
2022-08-17,141740.79735177718
2022-08-18,141740.79735177718
2022-08-19,141740.79735177718
2022-08-22,141740.79735177718
2022-08-23,141740.79735177718
2022-08-24,141740.79735177718
2022-08-25,141740.79735177718
2022-08-26,141740.79735177718
2022-08-29,141740.79735177718
2022-08-30,141740.79735177718
2022-08-31,141740.79735177718
2022-09-01,141740.79735177718
2022-09-02,141740.79735177718
2022-09-06,141740.79735177718
2022-09-07,141740.79735177718
2022-09-08,141740.79735177718
2022-09-09,141740.79735177718
2022-09-12,141740.79735177718
2022-09-13,141740.79735177718
2022-09-14,141740.79735177718
2022-09-15,141740.79735177718
2022-09-16,141740.79735177718
2022-09-19,141740.79735177718
2022-09-20,141740.79735177718
2022-09-21,141740.79735177718
2022-09-22,141740.79735177718
2022-09-23,141740.79735177718
2022-09-26,141740.79735177718
2022-09-27,141740.79735177718
2022-09-28,140323.3893782594
2022-09-29,138920.1554844768
2022-09-30,137530.95392963203
2022-10-03,136155.6443903357
2022-10-04,134794.08794643235
2022-10-05,133446.14706696803
2022-10-06,132111.68559629834
2022-10-07,130790.56874033535
2022-10-10,129482.663052932
2022-10-11,129482.663052932
2022-10-12,129482.663052932
2022-10-13,129482.663052932
2022-10-14,129482.663052932
2022-10-17,129482.663052932
2022-10-18,129482.663052932
2022-10-19,129482.663052932
2022-10-20,129482.663052932
2022-10-21,129482.663052932
2022-10-24,129482.663052932
2022-10-25,129482.663052932
2022-10-26,129482.663052932
2022-10-27,129482.663052932
2022-10-28,129482.663052932
2022-10-31,129482.663052932
2022-11-01,129482.663052932
2022-11-02,129482.663052932
2022-11-03,129482.663052932
2022-11-04,129482.663052932
2022-11-07,128187.83642240267
2022-11-08,126905.95805817864
2022-11-09,125636.89847759686
2022-11-10,124380.52949282089
2022-11-11,123136.72419789268
2022-11-14,121905.35695591375
2022-11-15,121905.35695591375
2022-11-16,121905.35695591375
2022-11-17,121905.35695591375
2022-11-18,121905.35695591375
2022-11-21,121905.35695591375
2022-11-22,121905.35695591375
2022-11-23,121905.35695591375
2022-11-25,121905.35695591375
2022-11-28,121905.35695591375
2022-11-29,120686.30338635462
2022-11-30,119479.44035249107
2022-12-01,119479.44035249107
2022-12-02,119479.44035249107
2022-12-05,119479.44035249107
2022-12-06,119479.44035249107
2022-12-07,119479.44035249107
2022-12-08,119479.44035249107
2022-12-09,119479.44035249107
2022-12-12,119479.44035249107
2022-12-13,119479.44035249107
2022-12-14,119479.44035249107
2022-12-15,118284.64594896616
2022-12-16,117101.7994894765
2022-12-19,115930.78149458174
2022-12-20,114771.47367963592
2022-12-21,113623.75894283956
2022-12-22,112487.52135341117
2022-12-23,111362.64613987705
2022-12-27,110249.01967847827
2022-12-28,109146.52948169349
2022-12-29,108055.06418687655
2022-12-30,106974.51354500778
2023-01-03,105904.7684095577
2023-01-04,104845.72072546212
2023-01-05,103797.2635182075
2023-01-06,102759.29088302543
2023-01-09,101731.69797419518
2023-01-10,100714.38099445323
2023-01-11,99707.23718450869
2023-01-12,98710.1648126636
2023-01-13,97723.06316453696
2023-01-17,97723.06316453696
2023-01-18,97723.06316453696
2023-01-19,97723.06316453696
2023-01-20,97723.06316453696
2023-01-23,97723.06316453696
2023-01-24,97723.06316453696
2023-01-25,97723.06316453696
2023-01-26,97723.06316453696
2023-01-27,97723.06316453696
2023-01-30,97723.06316453696
2023-01-31,97723.06316453696
2023-02-01,97723.06316453696
2023-02-02,97723.06316453696
2023-02-03,99677.5244278277
2023-02-06,99677.5244278277
2023-02-07,99677.5244278277
2023-02-08,99677.5244278277
2023-02-09,99677.5244278277
2023-02-10,99677.5244278277
2023-02-13,99677.5244278277
2023-02-14,99677.5244278277
2023-02-15,101671.07491638426
2023-02-16,101671.07491638426
2023-02-17,101671.07491638426
2023-02-21,101671.07491638426
2023-02-22,101671.07491638426
2023-02-23,101671.07491638426
2023-02-24,101671.07491638426
2023-02-27,101671.07491638426
2023-02-28,101671.07491638426
2023-03-01,101671.07491638426
2023-03-02,101671.07491638426
2023-03-03,101671.07491638426
2023-03-06,101671.07491638426
2023-03-07,101671.07491638426
2023-03-08,101671.07491638426
2023-03-09,101671.07491638426
2023-03-10,100654.36416722041
2023-03-13,99647.8205255482
2023-03-14,99647.8205255482
2023-03-15,99647.8205255482
2023-03-16,99647.8205255482
2023-03-17,99647.8205255482
2023-03-20,99647.8205255482
2023-03-21,99647.8205255482
2023-03-22,99647.8205255482
2023-03-23,99647.8205255482
2023-03-24,99647.8205255482
2023-03-27,99647.8205255482
2023-03-28,99647.8205255482
2023-03-29,99647.8205255482
2023-03-30,99647.8205255482
2023-03-31,99647.8205255482
2023-04-03,99647.8205255482
2023-04-04,99647.8205255482
2023-04-05,99647.8205255482
2023-04-06,99647.8205255482
2023-04-10,99647.8205255482
2023-04-11,99647.8205255482
2023-04-12,99647.8205255482
2023-04-13,99647.8205255482
2023-04-14,99647.8205255482
2023-04-17,99647.8205255482
2023-04-18,99647.8205255482
2023-04-19,99647.8205255482
2023-04-20,99647.8205255482
2023-04-21,99647.8205255482
2023-04-24,99647.8205255482
2023-04-25,99647.8205255482
2023-04-26,99647.8205255482
2023-04-27,99647.8205255482
2023-04-28,99647.8205255482
2023-05-01,99647.8205255482
2023-05-02,99647.8205255482
2023-05-03,99647.8205255482
2023-05-04,99647.8205255482
2023-05-05,101640.77693605916
2023-05-08,101640.77693605916
2023-05-09,101640.77693605916
2023-05-10,101640.77693605916
2023-05-11,101640.77693605916
2023-05-12,101640.77693605916
2023-05-15,101640.77693605916
2023-05-16,101640.77693605916
2023-05-17,101640.77693605916
2023-05-18,101640.77693605916
2023-05-19,101640.77693605916
2023-05-22,101640.77693605916
2023-05-23,101640.77693605916
2023-05-24,101640.77693605916
2023-05-25,101640.77693605916
2023-05-26,101640.77693605916
2023-05-30,101640.77693605916
2023-05-31,101640.77693605916
2023-06-01,101640.77693605916
2023-06-02,103673.59247478035
2023-06-05,103673.59247478035
2023-06-06,103673.59247478035
2023-06-07,103673.59247478035
2023-06-08,103673.59247478035
2023-06-09,103673.59247478035
2023-06-12,103673.59247478035
2023-06-13,103673.59247478035
2023-06-14,103673.59247478035
2023-06-15,103673.59247478035
2023-06-16,103673.59247478035
2023-06-20,103673.59247478035
2023-06-21,103673.59247478035
2023-06-22,103673.59247478035
2023-06-23,103673.59247478035
2023-06-26,103673.59247478035
2023-06-27,105747.06432427595
2023-06-28,105747.06432427595
2023-06-29,105747.06432427595
2023-06-30,105747.06432427595
2023-07-03,105747.06432427595
2023-07-05,105747.06432427595
2023-07-06,105747.06432427595
2023-07-07,105747.06432427595
2023-07-10,105747.06432427595
2023-07-11,105747.06432427595
2023-07-12,105747.06432427595
2023-07-13,105747.06432427595
2023-07-14,105747.06432427595
2023-07-17,105747.06432427595
2023-07-18,105747.06432427595
2023-07-19,105747.06432427595
2023-07-20,105747.06432427595
2023-07-21,105747.06432427595
2023-07-24,105747.06432427595
2023-07-25,105747.06432427595
2023-07-26,105747.06432427595
2023-07-27,105747.06432427595
2023-07-28,105747.06432427595
2023-07-31,105747.06432427595
2023-08-01,105747.06432427595
2023-08-02,105747.06432427595
2023-08-03,105747.06432427595
2023-08-04,105747.06432427595
2023-08-07,105747.06432427595
2023-08-08,105747.06432427595
2023-08-09,105747.06432427595
2023-08-10,105747.06432427595
2023-08-11,105747.06432427595
2023-08-14,105747.06432427595
2023-08-15,105747.06432427595
2023-08-16,105747.06432427595
2023-08-17,105747.06432427595
2023-08-18,105747.06432427595
2023-08-21,105747.06432427595
2023-08-22,105747.06432427595
2023-08-23,105747.06432427595
2023-08-24,105747.06432427595
2023-08-25,105747.06432427595
2023-08-28,105747.06432427595
2023-08-29,105747.06432427595
2023-08-30,105747.06432427595
2023-08-31,105747.06432427595
2023-09-01,105747.06432427595
2023-09-05,105747.06432427595
2023-09-06,105747.06432427595
2023-09-07,105747.06432427595
2023-09-08,105747.06432427595
2023-09-11,105747.06432427595
2023-09-12,105747.06432427595
2023-09-13,105747.06432427595
2023-09-14,105747.06432427595
2023-09-15,105747.06432427595
2023-09-18,105747.06432427595
2023-09-19,105747.06432427595
2023-09-20,105747.06432427595
2023-09-21,105747.06432427595
2023-09-22,105747.06432427595
2023-09-25,105747.06432427595
2023-09-26,105747.06432427595
2023-09-27,105747.06432427595
2023-09-28,105747.06432427595
2023-09-29,105747.06432427595
2023-10-02,105747.06432427595
2023-10-03,105747.06432427595
2023-10-04,105747.06432427595
2023-10-05,105747.06432427595
2023-10-06,105747.06432427595
2023-10-09,105747.06432427595
2023-10-10,105747.06432427595
2023-10-11,105747.06432427595
2023-10-12,105747.06432427595
2023-10-13,105747.06432427595
2023-10-16,105747.06432427595
2023-10-17,105747.06432427595
2023-10-18,105747.06432427595
2023-10-19,105747.06432427595
2023-10-20,105747.06432427595
2023-10-23,105747.06432427595
2023-10-24,105747.06432427595
2023-10-25,105747.06432427595
2023-10-26,105747.06432427595
2023-10-27,105747.06432427595
2023-10-30,105747.06432427595
2023-10-31,105747.06432427595
2023-11-01,105747.06432427595
2023-11-02,105747.06432427595
2023-11-03,105747.06432427595
2023-11-06,105747.06432427595
2023-11-07,105747.06432427595
2023-11-08,105747.06432427595
2023-11-09,105747.06432427595
2023-11-10,105747.06432427595
2023-11-13,105747.06432427595
2023-11-14,105747.06432427595
2023-11-15,105747.06432427595
2023-11-16,105747.06432427595
2023-11-17,105747.06432427595
2023-11-20,107862.00561076148
2023-11-21,110019.2457229767
2023-11-22,112219.63063743623
2023-11-24,114464.02325018495
2023-11-27,116753.30371518865
2023-11-28,119088.36978949243
2023-11-29,121470.13718528228
2023-11-30,123899.53992898791
2023-12-01,123899.53992898791
2023-12-04,123899.53992898791
2023-12-05,123899.53992898791
2023-12-06,123899.53992898791
2023-12-07,123899.53992898791
2023-12-08,123899.53992898791
2023-12-11,123899.53992898791
2023-12-12,123899.53992898791
2023-12-13,123899.53992898791
2023-12-14,123899.53992898791
2023-12-15,123899.53992898791
2023-12-18,123899.53992898791
2023-12-19,123899.53992898791
2023-12-20,123899.53992898791
2023-12-21,123899.53992898791
2023-12-22,123899.53992898791
2023-12-26,123899.53992898791
2023-12-27,123899.53992898791
2023-12-28,123899.53992898791
2023-12-29,123899.53992898791
2024-01-02,123899.53992898791
2024-01-03,123899.53992898791
2024-01-04,123899.53992898791
2024-01-05,123899.53992898791
2024-01-08,123899.53992898791
2024-01-09,123899.53992898791
2024-01-10,123899.53992898791
2024-01-11,123899.53992898791
2024-01-12,123899.53992898791
2024-01-16,123899.53992898791
2024-01-17,123899.53992898791
2024-01-18,123899.53992898791
2024-01-19,123899.53992898791
2024-01-22,123899.53992898791
2024-01-23,123899.53992898791
2024-01-24,123899.53992898791
2024-01-25,123899.53992898791
2024-01-26,123899.53992898791
2024-01-29,123899.53992898791
2024-01-30,123899.53992898791
2024-01-31,123899.53992898791
2024-02-01,123899.53992898791
2024-02-02,123899.53992898791
2024-02-05,122660.54452969803
2024-02-06,121433.93908440105
2024-02-07,120219.59969355704
2024-02-08,119017.40369662148
2024-02-09,117827.22965965526
2024-02-12,117827.22965965526
2024-02-13,117827.22965965526
2024-02-14,117827.22965965526
2024-02-15,117827.22965965526
2024-02-16,117827.22965965526
2024-02-20,117827.22965965526
2024-02-21,117827.22965965526
2024-02-22,117827.22965965526
2024-02-23,117827.22965965526
2024-02-26,117827.22965965526
2024-02-27,117827.22965965526
2024-02-28,117827.22965965526
2024-02-29,117827.22965965526
2024-03-01,117827.22965965526
2024-03-04,117827.22965965526
2024-03-05,117827.22965965526
2024-03-06,117827.22965965526
2024-03-07,117827.22965965526
2024-03-08,117827.22965965526
2024-03-11,117827.22965965526
2024-03-12,117827.22965965526
2024-03-13,117827.22965965526
2024-03-14,117827.22965965526
2024-03-15,117827.22965965526
2024-03-18,117827.22965965526
2024-03-19,117827.22965965526
2024-03-20,117827.22965965526
2024-03-21,117827.22965965526
2024-03-22,117827.22965965526
2024-03-25,117827.22965965526
2024-03-26,117827.22965965526
2024-03-27,117827.22965965526
2024-03-28,117827.22965965526
2024-04-01,116648.95736305871
2024-04-02,115482.46778942812
2024-04-03,114327.64311153383
2024-04-04,113184.36668041849
2024-04-05,112052.5230136143
2024-04-08,110931.99778347816
2024-04-09,109822.67780564338
2024-04-10,109822.67780564338
2024-04-11,109822.67780564338
2024-04-12,109822.67780564338
2024-04-15,109822.67780564338
2024-04-16,109822.67780564338
2024-04-17,109822.67780564338
2024-04-18,109822.67780564338
2024-04-19,109822.67780564338
2024-04-22,109822.67780564338
2024-04-23,109822.67780564338
2024-04-24,109822.67780564338
2024-04-25,109822.67780564338
2024-04-26,109822.67780564338
2024-04-29,109822.67780564338
2024-04-30,109822.67780564338
2024-05-01,109822.67780564338
2024-05-02,109822.67780564338
2024-05-03,109822.67780564338
2024-05-06,109822.67780564338
2024-05-07,109822.67780564338
2024-05-08,109822.67780564338
2024-05-09,109822.67780564338
2024-05-10,109822.67780564338
2024-05-13,109822.67780564338
2024-05-14,109822.67780564338
2024-05-15,112019.13136175626
2024-05-16,112019.13136175626
2024-05-17,112019.13136175626
2024-05-20,112019.13136175626
2024-05-21,112019.13136175626
2024-05-22,112019.13136175626
2024-05-23,112019.13136175626
2024-05-24,112019.13136175626
2024-05-28,112019.13136175626
2024-05-29,112019.13136175626
2024-05-30,112019.13136175626
2024-05-31,112019.13136175626
2024-06-03,112019.13136175626
2024-06-04,112019.13136175626
2024-06-05,112019.13136175626
2024-06-06,112019.13136175626
2024-06-07,112019.13136175626
2024-06-10,112019.13136175626
2024-06-11,112019.13136175626
2024-06-12,112019.13136175626
2024-06-13,112019.13136175626
2024-06-14,112019.13136175626
2024-06-17,112019.13136175626
2024-06-18,112019.13136175626
2024-06-20,112019.13136175626
2024-06-21,112019.13136175626
2024-06-24,112019.13136175626
2024-06-25,112019.13136175626
2024-06-26,112019.13136175626
2024-06-27,112019.13136175626
2024-06-28,112019.13136175626
2024-07-01,112019.13136175626
2024-07-02,112019.13136175626
2024-07-03,112019.13136175626
2024-07-05,112019.13136175626
2024-07-08,112019.13136175626
2024-07-09,112019.13136175626
2024-07-10,112019.13136175626
2024-07-11,112019.13136175626
2024-07-12,112019.13136175626
2024-07-15,112019.13136175626
2024-07-16,112019.13136175626
2024-07-17,112019.13136175626
2024-07-18,112019.13136175626
2024-07-19,112019.13136175626
2024-07-22,112019.13136175626
2024-07-23,112019.13136175626
2024-07-24,112019.13136175626
2024-07-25,112019.13136175626
2024-07-26,112019.13136175626
2024-07-29,112019.13136175626
2024-07-30,112019.13136175626
2024-07-31,112019.13136175626
2024-08-01,112019.13136175626
2024-08-02,112019.13136175626
2024-08-05,112019.13136175626
2024-08-06,112019.13136175626
2024-08-07,112019.13136175626
2024-08-08,112019.13136175626
2024-08-09,112019.13136175626
2024-08-12,112019.13136175626
2024-08-13,112019.13136175626
2024-08-14,112019.13136175626
2024-08-15,112019.13136175626
2024-08-16,112019.13136175626
2024-08-19,112019.13136175626
2024-08-20,112019.13136175626
2024-08-21,112019.13136175626
2024-08-22,112019.13136175626
2024-08-23,112019.13136175626
2024-08-26,112019.13136175626
2024-08-27,112019.13136175626
2024-08-28,112019.13136175626
2024-08-29,112019.13136175626
2024-08-30,112019.13136175626
2024-09-03,112019.13136175626
2024-09-04,112019.13136175626
2024-09-05,112019.13136175626
2024-09-06,112019.13136175626
2024-09-09,112019.13136175626
2024-09-10,112019.13136175626
2024-09-11,112019.13136175626
2024-09-12,112019.13136175626
2024-09-13,112019.13136175626
2024-09-16,112019.13136175626
2024-09-17,112019.13136175626
2024-09-18,112019.13136175626
2024-09-19,112019.13136175626
2024-09-20,112019.13136175626
2024-09-23,112019.13136175626
2024-09-24,112019.13136175626
2024-09-25,112019.13136175626
2024-09-26,112019.13136175626
2024-09-27,112019.13136175626
2024-09-30,110898.9400481387
2024-10-01,109789.95064765732
2024-10-02,108692.05114118074
2024-10-03,107605.13062976893
2024-10-04,107605.13062976893
2024-10-07,107605.13062976893
2024-10-08,107605.13062976893
2024-10-09,107605.13062976893
2024-10-10,107605.13062976893
2024-10-11,107605.13062976893
2024-10-14,107605.13062976893
2024-10-15,107605.13062976893
2024-10-16,107605.13062976893
2024-10-17,107605.13062976893
2024-10-18,107605.13062976893
2024-10-21,107605.13062976893
2024-10-22,107605.13062976893
2024-10-23,106529.07932347123
2024-10-24,105463.78853023652
2024-10-25,105463.78853023652
2024-10-28,105463.78853023652
2024-10-29,105463.78853023652
2024-10-30,105463.78853023652
2024-10-31,104409.15064493415
2024-11-01,103365.05913848481
2024-11-04,102331.40854709996
2024-11-05,101308.09446162895
2024-11-06,100295.01351701266
2024-11-07,99292.06338184254
2024-11-08,98299.14274802411
2024-11-11,97316.15132054387
2024-11-12,96342.98980733842
2024-11-13,95379.55990926504
2024-11-14,94425.76431017238
2024-11-15,93481.50666707066
2024-11-18,92546.69160039995
2024-11-19,91621.22468439596
2024-11-20,90705.012437552
2024-11-21,89797.96231317648
2024-11-22,88899.98269004472
2024-11-25,88010.98286314428
2024-11-26,88010.98286314428
2024-11-27,88010.98286314428
2024-11-29,88010.98286314428
2024-12-02,88010.98286314428
2024-12-03,88010.98286314428
2024-12-04,88010.98286314428
2024-12-05,88010.98286314428
2024-12-06,88010.98286314428
2024-12-09,88010.98286314428
2024-12-10,88010.98286314428
2024-12-11,89771.20252040717
2024-12-12,91566.62657081531
2024-12-13,93397.95910223162
2024-12-16,95265.91828427625
2024-12-17,97171.23664996178
2024-12-18,99114.66138296101
2024-12-19,101096.95461062023
2024-12-20,103118.89370283263
2024-12-23,105181.27157688928
2024-12-24,107284.89700842707
2024-12-26,109430.59494859561
2024-12-27,111619.20684756752
2024-12-30,111619.20684756752
2024-12-31,111619.20684756752
2025-01-02,111619.20684756752
2025-01-03,111619.20684756752
2025-01-06,111619.20684756752
2025-01-07,111619.20684756752
2025-01-08,111619.20684756752
2025-01-10,110503.01477909184
2025-01-13,109397.98463130092
2025-01-14,108304.0047849879
2025-01-15,107220.96473713803
2025-01-16,106148.75508976665
2025-01-17,105087.26753886898
2025-01-21,104036.3948634803
2025-01-22,104036.3948634803
2025-01-23,104036.3948634803
2025-01-24,104036.3948634803
2025-01-27,104036.3948634803
2025-01-28,104036.3948634803
2025-01-29,104036.3948634803
2025-01-30,104036.3948634803
2025-01-31,104036.3948634803
2025-02-03,104036.3948634803
2025-02-04,104036.3948634803
2025-02-05,104036.3948634803
2025-02-06,104036.3948634803
2025-02-07,104036.3948634803
2025-02-10,104036.3948634803
2025-02-11,104036.3948634803
2025-02-12,104036.3948634803
2025-02-13,104036.3948634803
2025-02-14,104036.3948634803
2025-02-18,104036.3948634803
2025-02-19,104036.3948634803
2025-02-20,104036.3948634803
2025-02-21,104036.3948634803
2025-02-24,104036.3948634803
2025-02-25,104036.3948634803
2025-02-26,104036.3948634803
2025-02-27,104036.3948634803
2025-02-28,104036.3948634803
2025-03-03,104036.3948634803
2025-03-04,104036.3948634803
2025-03-05,104036.3948634803
2025-03-06,104036.3948634803
2025-03-07,104036.3948634803
2025-03-10,104036.3948634803
2025-03-11,104036.3948634803
2025-03-12,104036.3948634803
2025-03-13,104036.3948634803
2025-03-14,104036.3948634803
2025-03-17,104036.3948634803
2025-03-18,104036.3948634803
2025-03-19,104036.3948634803
2025-03-20,104036.3948634803
2025-03-21,104036.3948634803
2025-03-24,104036.3948634803
2025-03-25,104036.3948634803
2025-03-26,104036.3948634803
2025-03-27,104036.3948634803
2025-03-28,104036.3948634803
2025-03-31,104036.3948634803
2025-04-01,104036.3948634803
2025-04-02,104036.3948634803
2025-04-03,102996.0309148455
2025-04-04,101966.07060569704
2025-04-07,100946.40989964007
2025-04-08,99936.94580064368
2025-04-09,98937.57634263724
2025-04-10,97948.20057921087
2025-04-11,96968.71857341877
2025-04-14,95999.03138768458
2025-04-15,95039.04107380773
2025-04-16,95039.04107380773
2025-04-17,95039.04107380773
2025-04-21,95039.04107380773
2025-04-22,95039.04107380773
2025-04-23,95039.04107380773
2025-04-24,95039.04107380773
2025-04-25,95039.04107380773
2025-04-28,95039.04107380773
2025-04-29,95039.04107380773
2025-04-30,95039.04107380773
2025-05-01,95039.04107380773
2025-05-02,95039.04107380773
2025-05-05,95039.04107380773
2025-05-06,95039.04107380773
2025-05-07,95039.04107380773
2025-05-08,95039.04107380773
2025-05-09,95039.04107380773
2025-05-12,95039.04107380773
2025-05-13,95039.04107380773
2025-05-14,95039.04107380773
2025-05-15,95039.04107380773
2025-05-16,95039.04107380773
2025-05-19,95039.04107380773
2025-05-20,95039.04107380773
2025-05-21,95039.04107380773
2025-05-22,94088.65066306965
2025-05-23,93147.76415643896
2025-05-27,92216.28651487458
2025-05-28,92216.28651487458
2025-05-29,92216.28651487458
2025-05-30,91294.12364972584
2025-06-02,91294.12364972584
2025-06-03,91294.12364972584
2025-06-04,91294.12364972584
2025-06-05,91294.12364972584
2025-06-06,91294.12364972584
2025-06-09,91294.12364972584
2025-06-10,91294.12364972584
2025-06-11,91294.12364972584
2025-06-12,91294.12364972584
2025-06-13,90381.18241322858
2025-06-16,90381.18241322858
2025-06-17,90381.18241322858
2025-06-18,90381.18241322858
2025-06-20,90381.18241322858
2025-06-23,90381.18241322858
2025-06-24,90381.18241322858
2025-06-25,90381.18241322858
2025-06-26,90381.18241322858
2025-06-27,90381.18241322858
2025-06-30,90381.18241322858
2025-07-01,90381.18241322858
2025-07-02,90381.18241322858
2025-07-03,90381.18241322858
2025-07-07,90381.18241322858
2025-07-08,90381.18241322858
2025-07-09,90381.18241322858
2025-07-10,90381.18241322858
2025-07-11,90381.18241322858
2025-07-14,90381.18241322858
2025-07-15,90381.18241322858
2025-07-16,90381.18241322858
2025-07-17,90381.18241322858
2025-07-18,90381.18241322858
2025-07-21,90381.18241322858
2025-07-22,90381.18241322858
2025-07-23,90381.18241322858
2025-07-24,90381.18241322858
2025-07-25,90381.18241322858
2025-07-28,90381.18241322858
2025-07-29,90381.18241322858
2025-07-30,90381.18241322858
2025-07-31,90381.18241322858
2025-08-01,90381.18241322858
2025-08-04,90381.18241322858
2025-08-05,90381.18241322858
2025-08-06,90381.18241322858
2025-08-07,92188.80606149316
2025-08-08,94032.58218272302
2025-08-11,94032.58218272302
2025-08-12,94032.58218272302
2025-08-13,95913.23382637749
2025-08-14,95913.23382637749
2025-08-15,95913.23382637749
2025-08-18,95913.23382637749
2025-08-19,95913.23382637749
2025-08-20,95913.23382637749
2025-08-21,95913.23382637749
2025-08-22,95913.23382637749
2025-08-25,95913.23382637749
2025-08-26,95913.23382637749
2025-08-27,95913.23382637749
2025-08-28,95913.23382637749
2025-08-29,95913.23382637749
2025-09-02,95913.23382637749
2025-09-03,95913.23382637749
2025-09-04,95913.23382637749
2025-09-05,97831.49850290503
2025-09-08,97831.49850290503
2025-09-09,97831.49850290503
2025-09-10,97831.49850290503
2025-09-11,97831.49850290503
2025-09-12,97831.49850290503
2025-09-15,97831.49850290503
2025-09-16,97831.49850290503
2025-09-17,97831.49850290503
2025-09-18,97831.49850290503
2025-09-19,99788.12847296313
2025-09-22,99788.12847296313
2025-09-23,99788.12847296313
2025-09-24,99788.12847296313
2025-09-25,99788.12847296313
2025-09-26,99788.12847296313
2025-09-29,99788.12847296313
2025-09-30,99788.12847296313
2025-10-01,101783.8910424224
2025-10-02,101783.8910424224
2025-10-03,103819.56886327085
2025-10-06,103819.56886327085
2025-10-07,103819.56886327085
2025-10-08,103819.56886327085
2025-10-09,103819.56886327085
2025-10-10,103819.56886327085
2025-10-13,103819.56886327085
2025-10-14,103819.56886327085
2025-10-15,103819.56886327085
2025-10-16,103819.56886327085
2025-10-17,103819.56886327085
2025-10-20,105895.96024053627
2025-10-21,105895.96024053627
2025-10-22,105895.96024053627
2025-10-23,105895.96024053627
2025-10-24,105895.96024053627
2025-10-27,105895.96024053627
2025-10-28,105895.96024053627
2025-10-29,105895.96024053627
2025-10-30,105895.96024053627
2025-10-31,105895.96024053627
2025-11-03,105895.96024053627
2025-11-04,105895.96024053627
2025-11-05,105895.96024053627
2025-11-06,105895.96024053627
2025-11-07,105895.96024053627
2025-11-10,105895.96024053627
2025-11-11,105895.96024053627
